model,config,loss,family,weighted,guided,image,split,site,fom,f1,ece,sce,mce,brier,max_prob
frozen_guided_BCE,frozen_guided,BCE,cross-entropy,False,True,20171129T113419_bull_island,seen,bull_island,0.518789761307576,0.3027522935779816,0.007515281971032975,-0.00038657054581585826,0.2358776330947876,0.026735232713142713,0.7725608944892883
frozen_guided_BCE,frozen_guided,BCE,cross-entropy,False,True,20171129T113419_portmarnock,seen,portmarnock,0.43352146744607944,0.45092024539877307,0.010252887802512572,-0.0046231084465162605,0.24087971846262612,0.02343814861759241,0.7364529371261597
frozen_guided_BCE,frozen_guided,BCE,cross-entropy,False,True,20190207T113321_portmarnock,seen,portmarnock,0.7574944071588368,0.568922305764411,0.011365400024060848,0.007918459723591247,0.19334648052851355,0.023579500484799995,0.8114631175994873
frozen_guided_BCE,frozen_guided,BCE,cross-entropy,False,True,20190627T113321_bull_island,seen,bull_island,0.19856459330143542,0.22222222222222224,0.010926822246571455,-0.00824279689214602,0.20377063751220703,0.0223884395537052,0.796229362487793
frozen_guided_BCE,frozen_guided,BCE,cross-entropy,False,True,20190707T113321_portrane,seen,portrane,0.5553838092742992,0.4680073126142596,0.005278932979577265,-0.0021090191536744397,0.1924353837966919,0.023013800929363722,0.8075646162033081
frozen_guided_BCE,frozen_guided,BCE,cross-entropy,False,True,20201002T114401_portrane,seen,portrane,0.6286245731013174,0.4666666666666667,0.0055272412000007265,-0.00033930382384423995,0.15130414068698883,0.02260402177231467,0.9330711960792542
frozen_guided_BCE,frozen_guided,BCE,cross-entropy,False,True,20220319T115401_rossnowlagh,unseen,rossnowlagh,0.06206896551724138,0.07287449392712551,0.011322800253751169,-0.011076371084786586,0.39572179317474365,0.027240203383878555,0.6042782068252563
frozen_guided_BCE,frozen_guided,BCE,cross-entropy,False,True,20220323T113321_portrane,seen,portrane,0.1895043731778426,0.22926829268292684,0.007275796435451902,-0.0041001077019307336,0.3022145586354392,0.023814107194635677,0.732721209526062
frozen_guided_BCE,frozen_guided,BCE,cross-entropy,False,True,20220326T114351_rossnowlagh,unseen,rossnowlagh,0.09870689655172413,0.10156250000000001,0.013493672098173171,-0.009107470212770322,0.2772107720375061,0.02628643796959161,0.7227892279624939
frozen_guided_BCE,frozen_guided,BCE,cross-entropy,False,True,20220408T115401_rossnowlagh,unseen,rossnowlagh,0.06551724137931034,0.06451612903225806,0.015597162329199561,-0.012074359023071446,0.7075920104980469,0.027564125662938362,0.7075920104980469
frozen_guided_BCE,frozen_guided,BCE,cross-entropy,False,True,20220523T115359_rossnowlagh,unseen,rossnowlagh,0.4630998312032796,0.26512968299711814,0.021294051341376602,-0.00989499768785705,0.8719696402549744,0.03282150249634325,0.8719696402549744
frozen_guided_BCE,frozen_guided,BCE,cross-entropy,False,True,20220604T114401_rossnowlagh,unseen,rossnowlagh,0.4,0.3902439024390244,0.012572600358367603,-0.012572600358367603,0.24046729486665605,0.025054997268657574,0.873072624206543
frozen_guided_BCE,frozen_guided,BCE,cross-entropy,False,True,20220607T115411_rossnowlagh,unseen,rossnowlagh,0.39396551724137935,0.4171779141104294,0.011375020077902764,-0.011330112661437623,0.2527741960116795,0.022588132772728614,0.8124768137931824
frozen_guided_BCE,frozen_guided,BCE,cross-entropy,False,True,20220722T115409_rossnowlagh,unseen,rossnowlagh,0.5724137931034483,0.5149051490514905,0.0077691982856470014,-0.007527314588771773,0.1906825947134118,0.02209523955306151,0.8689324855804443
frozen_guided_BCE,frozen_guided,BCE,cross-entropy,False,True,20220811T115409_rossnowlagh,unseen,rossnowlagh,0.4887931034482759,0.4641833810888252,0.009188631602576788,-0.008725112164331838,0.23893506186349056,0.02293948257539511,0.8359569907188416
frozen_guided_BCE,frozen_guided,BCE,cross-entropy,False,True,20220813T114401_rossnowlagh,unseen,rossnowlagh,0.6370689655172415,0.5729166666666666,0.008025954008106267,-0.005268659315887642,0.24078527490297963,0.021204641859323626,0.8590436577796936
frozen_guided_BCE,frozen_guided,BCE,cross-entropy,False,True,20220905T115411_rossnowlagh,unseen,rossnowlagh,0.7784482758620691,0.5871121718377088,0.00493091035219973,-0.0008921184331542993,0.12851423025131226,0.020607105586153064,0.8714857697486877
frozen_guided_BCE,frozen_guided,BCE,cross-entropy,False,True,20220910T115359_rossnowlagh,unseen,rossnowlagh,0.5021551724137931,0.4829545454545455,0.007359517702416062,-0.0069202577469398025,0.18147164583206177,0.02230415832534644,0.8185283541679382
frozen_guided_BCE,frozen_guided,BCE,cross-entropy,False,True,20220922T114401_rossnowlagh,unseen,rossnowlagh,0.4331896551724138,0.30177514792899407,0.01394793891159548,-0.009031157108450122,0.42310698827107746,0.027629814326236853,0.7827358245849609
frozen_guided_BCE,frozen_guided,BCE,cross-entropy,False,True,20221007T114349_rossnowlagh,unseen,rossnowlagh,0.057836990595611294,0.0,0.029820656492009292,-0.020219706093303733,0.6296519875526428,0.03796667109427611,0.6551850438117981
frozen_guided_BCE,frozen_guided,BCE,cross-entropy,False,True,20221116T114349_rossnowlagh,unseen,rossnowlagh,0.4471394984326019,0.3401759530791789,0.008285811022541625,-0.0031607533909897975,0.8189781308174133,0.027342997951032223,0.8189781308174133
frozen_guided_BCE,frozen_guided,BCE,cross-entropy,False,True,20221204T115451_rossnowlagh,unseen,rossnowlagh,0.07198275862068965,0.11244979919678716,0.015126280022914537,-0.015126280022914537,0.372916579246521,0.02911734247116694,0.6277610659599304
frozen_guided_BCE,frozen_guided,BCE,cross-entropy,False,True,20221211T114501_rossnowlagh,unseen,rossnowlagh,0.016595744680851062,0.02510460251046025,0.01826935698628668,-0.01826935698628668,0.3983164793915218,0.030589659632338822,0.5954897403717041
frozen_guided_BCE,frozen_guided,BCE,cross-entropy,False,True,20240211T113311_portrane,seen,portrane,0.6123237051424869,0.49466192170818507,0.00410496670194832,0.0004894324589243137,0.18494802287646706,0.022049313062411882,0.9233094453811646
frozen_guided_BCE,frozen_guided,BCE,cross-entropy,False,True,20240623T114351_tramore,seen,tramore,0.6137867647058823,0.5472972972972974,0.008279787405686186,-0.005291824253036344,0.3923039436340332,0.024797037728900188,0.9073441028594971
frozen_guided_DICE,frozen_guided,DICE,dice,False,True,20171129T113419_bull_island,seen,bull_island,0.9214084359770358,0.4414893617021276,0.056542974697418445,0.025382777031078232,0.8417859077453613,0.05642470905220677,1.0
frozen_guided_DICE,frozen_guided,DICE,dice,False,True,20171129T113419_portmarnock,seen,portmarnock,0.8841480027732801,0.6073903002309469,0.03155294887002384,-0.004007454392240624,0.6415715962648392,0.03197075014666304,1.0
frozen_guided_DICE,frozen_guided,DICE,dice,False,True,20190207T113321_portmarnock,seen,portmarnock,0.9433096411262676,0.6494464944649446,0.03406468344975361,0.017651513709884478,0.5629576742649078,0.035167818593895644,1.0
frozen_guided_DICE,frozen_guided,DICE,dice,False,True,20190627T113321_bull_island,seen,bull_island,0.9554104477611941,0.6415094339622641,0.02885542734371009,0.01005298358695872,0.8184049725532532,0.029138460969177826,1.0
frozen_guided_DICE,frozen_guided,DICE,dice,False,True,20190707T113321_portrane,seen,portrane,0.9508787800126384,0.5714285714285714,0.03365361111156717,0.0032503578674250196,0.773109495639801,0.03398094120223302,1.0
frozen_guided_DICE,frozen_guided,DICE,dice,False,True,20201002T114401_portrane,seen,portrane,0.9459328011505872,0.6005154639175259,0.03364633201062017,0.008831545283812348,0.8819688558578491,0.033658150521744264,1.0
frozen_guided_DICE,frozen_guided,DICE,dice,False,True,20220319T115401_rossnowlagh,unseen,rossnowlagh,0.9420230668866205,0.5544933078393881,0.03897695089506409,0.009046063848691133,0.8104265630245209,0.03969314671401501,1.0
frozen_guided_DICE,frozen_guided,DICE,dice,False,True,20220323T113321_portrane,seen,portrane,0.9344062872833782,0.5131964809384164,0.03532486492136973,-0.0004091310000326788,0.7223049402236938,0.03570080653778586,1.0
frozen_guided_DICE,frozen_guided,DICE,dice,False,True,20220326T114351_rossnowlagh,unseen,rossnowlagh,0.9479020979020979,0.5964285714285714,0.038106800749397596,0.01659885638311711,0.4890736565493897,0.038437941640000854,1.0
frozen_guided_DICE,frozen_guided,DICE,dice,False,True,20220408T115401_rossnowlagh,unseen,rossnowlagh,0.9459588706098206,0.5357873210633947,0.038664029723119234,0.003597656355518862,0.9132374405860901,0.03887680011386099,1.0
frozen_guided_DICE,frozen_guided,DICE,dice,False,True,20220523T115359_rossnowlagh,unseen,rossnowlagh,0.9183204726308175,0.41648590021691967,0.046424839389337405,-0.0013941662794609948,0.7476335763931274,0.04684469266382849,1.0
frozen_guided_DICE,frozen_guided,DICE,dice,False,True,20220604T114401_rossnowlagh,unseen,rossnowlagh,0.939724499638293,0.5726681127982646,0.03399352442291063,-0.001470518540237881,0.8815972208976746,0.034173225476658166,1.0
frozen_guided_DICE,frozen_guided,DICE,dice,False,True,20220607T115411_rossnowlagh,unseen,rossnowlagh,0.9566168679805044,0.620967741935484,0.03148859675242703,0.0040178137103726,0.7202520668506622,0.03140639513665948,1.0
frozen_guided_DICE,frozen_guided,DICE,dice,False,True,20220722T115409_rossnowlagh,unseen,rossnowlagh,0.9566433566433568,0.6352941176470588,0.031419940302098485,0.007378684535433656,0.9197164177894592,0.03134793397463845,1.0
frozen_guided_DICE,frozen_guided,DICE,dice,False,True,20220811T115409_rossnowlagh,unseen,rossnowlagh,0.9572506440927493,0.6265060240963856,0.030920068499905175,0.005159457972559758,0.679156482219696,0.03178140513261302,1.0
frozen_guided_DICE,frozen_guided,DICE,dice,False,True,20220813T114401_rossnowlagh,unseen,rossnowlagh,0.9574339839265213,0.624,0.032547719842926946,0.006091451960931606,0.9060843586921692,0.032259104838394836,1.0
frozen_guided_DICE,frozen_guided,DICE,dice,False,True,20220905T115411_rossnowlagh,unseen,rossnowlagh,0.9543997668997668,0.6360294117647058,0.03325253399083527,0.012902116031155337,0.8514279127120972,0.03314968412784234,1.0
frozen_guided_DICE,frozen_guided,DICE,dice,False,True,20220910T115359_rossnowlagh,unseen,rossnowlagh,0.9565502938126513,0.6141414141414141,0.03295162473592049,0.004801338621406694,0.9168070182204247,0.032975415405248294,1.0
frozen_guided_DICE,frozen_guided,DICE,dice,False,True,20220922T114401_rossnowlagh,unseen,rossnowlagh,0.948270944741533,0.5256673511293635,0.04002420763233707,0.002448755969284108,0.9217589497566223,0.04042736017561356,1.0
frozen_guided_DICE,frozen_guided,DICE,dice,False,True,20221007T114349_rossnowlagh,unseen,rossnowlagh,0.3571626649212857,0.07361963190184048,0.05254831811995879,-0.02455011510093692,0.8711597170585241,0.05184783615281736,1.0
frozen_guided_DICE,frozen_guided,DICE,dice,False,True,20221116T114349_rossnowlagh,unseen,rossnowlagh,0.9363354766039331,0.49433962264150944,0.04552622783697624,0.011046594265725025,0.7512920498847961,0.04606444286689254,1.0
frozen_guided_DICE,frozen_guided,DICE,dice,False,True,20221204T115451_rossnowlagh,unseen,rossnowlagh,0.7672602476793916,0.49406175771971494,0.03679291120970554,-0.007422452117832223,0.8342512647310892,0.0370880977508863,1.0
frozen_guided_DICE,frozen_guided,DICE,dice,False,True,20221211T114501_rossnowlagh,unseen,rossnowlagh,0.703252805214024,0.45145631067961167,0.03713877449435387,-0.010393004748977398,0.9044060781598091,0.03759524701601296,1.0
frozen_guided_DICE,frozen_guided,DICE,dice,False,True,20240211T113311_portrane,seen,portrane,0.9362134837372529,0.5601965601965602,0.038445633930722534,0.013554938262690152,0.9133749206860861,0.03874557187583956,1.0
frozen_guided_DICE,frozen_guided,DICE,dice,False,True,20240623T114351_tramore,seen,tramore,0.9478241308879484,0.6263463131731566,0.035954818939801986,0.008004962154483614,0.5552816987037659,0.036599941786819315,1.0
frozen_guided_wBCE,frozen_guided,wBCE,cross-entropy,True,True,20171129T113419_bull_island,seen,bull_island,0.8372378569479321,0.3221060782036391,0.17317906477636807,0.17317906477636807,0.8186071509967034,0.13412755210962674,0.9985925555229187
frozen_guided_wBCE,frozen_guided,wBCE,cross-entropy,True,True,20171129T113419_portmarnock,seen,portmarnock,0.7675054671685092,0.3024815560026828,0.21623347982649782,0.21623347982649782,0.8480668053495019,0.16233764162096256,0.9990512728691101
frozen_guided_wBCE,frozen_guided,wBCE,cross-entropy,True,True,20190207T113321_portmarnock,seen,portmarnock,0.7831048725669603,0.31679659815733524,0.19041584688298496,0.19041584688298496,0.8470615307352535,0.15048227974636866,0.9990653395652771
frozen_guided_wBCE,frozen_guided,wBCE,cross-entropy,True,True,20190627T113321_bull_island,seen,bull_island,0.8492808639460501,0.35023041474654376,0.15579572271576253,0.15579572271576253,0.8013895316918691,0.11542788100371215,0.9979082345962524
frozen_guided_wBCE,frozen_guided,wBCE,cross-entropy,True,True,20190707T113321_portrane,seen,portrane,0.7977924815250849,0.3134057971014493,0.18034061291543585,0.18034061291543585,0.8458586465894131,0.141121604398607,0.9992088675498962
frozen_guided_wBCE,frozen_guided,wBCE,cross-entropy,True,True,20201002T114401_portrane,seen,portrane,0.8130738482703553,0.3285302593659942,0.1589915227482124,0.1589915227482124,0.8351237940586219,0.12770704673439606,0.9990940093994141
frozen_guided_wBCE,frozen_guided,wBCE,cross-entropy,True,True,20220319T115401_rossnowlagh,unseen,rossnowlagh,0.772517492948706,0.2751842751842752,0.21136818552281073,0.21136818552281073,0.8200485832923281,0.1617617503599601,0.9966201782226562
frozen_guided_wBCE,frozen_guided,wBCE,cross-entropy,True,True,20220323T113321_portrane,seen,portrane,0.7828143123197193,0.2887205387205387,0.19905418012467968,0.19905418012467968,0.8419086622340338,0.15479227501295692,0.9988250732421875
frozen_guided_wBCE,frozen_guided,wBCE,cross-entropy,True,True,20220326T114351_rossnowlagh,unseen,rossnowlagh,0.7852609315911618,0.2788171394085697,0.21801410793995665,0.21801410793995665,0.8282016171965488,0.1669999044432624,0.9974237680435181
frozen_guided_wBCE,frozen_guided,wBCE,cross-entropy,True,True,20220408T115401_rossnowlagh,unseen,rossnowlagh,0.7504303476792236,0.2691167753408418,0.22081982304222766,0.22081982304222766,0.8556809521104437,0.16728995431484575,0.9961901903152466
frozen_guided_wBCE,frozen_guided,wBCE,cross-entropy,True,True,20220523T115359_rossnowlagh,unseen,rossnowlagh,0.8183003135123823,0.32539682539682546,0.14680866607728194,0.14680866607728194,0.7010046083950303,0.1194945524387238,0.9995129108428955
frozen_guided_wBCE,frozen_guided,wBCE,cross-entropy,True,True,20220604T114401_rossnowlagh,unseen,rossnowlagh,0.8102864023648045,0.3236151603498542,0.1674156909879103,0.1674156909879103,0.8244855515908875,0.13084878843446,0.9991751909255981
frozen_guided_wBCE,frozen_guided,wBCE,cross-entropy,True,True,20220607T115411_rossnowlagh,unseen,rossnowlagh,0.8448174474266428,0.3406844106463879,0.15533971701464638,0.15533971701464638,0.8353991390151136,0.12303691381279315,0.999336838722229
frozen_guided_wBCE,frozen_guided,wBCE,cross-entropy,True,True,20220722T115409_rossnowlagh,unseen,rossnowlagh,0.8383811207209594,0.33883058470764615,0.16036425549060002,0.16036425549060002,0.8346274482792821,0.12706861684022588,0.999230682849884
frozen_guided_wBCE,frozen_guided,wBCE,cross-entropy,True,True,20220811T115409_rossnowlagh,unseen,rossnowlagh,0.8211751716110033,0.33584337349397586,0.15830415394165134,0.15830415394165134,0.8454848892594639,0.12502413280527197,0.99903404712677
frozen_guided_wBCE,frozen_guided,wBCE,cross-entropy,True,True,20220813T114401_rossnowlagh,unseen,rossnowlagh,0.8181483477112721,0.33358264771877333,0.16084568848945469,0.16084568848945469,0.8142288955923629,0.12569541722383945,0.9991079568862915
frozen_guided_wBCE,frozen_guided,wBCE,cross-entropy,True,True,20220905T115411_rossnowlagh,unseen,rossnowlagh,0.8501062241748253,0.3447761194029851,0.1585816236443086,0.1585816236443086,0.8451236477796582,0.12978326596228448,0.9992440938949585
frozen_guided_wBCE,frozen_guided,wBCE,cross-entropy,True,True,20220910T115359_rossnowlagh,unseen,rossnowlagh,0.8199599255308804,0.3272193690388848,0.1678875525284142,0.1678875525284142,0.8296823668183747,0.1319496539894857,0.9987956881523132
frozen_guided_wBCE,frozen_guided,wBCE,cross-entropy,True,True,20220922T114401_rossnowlagh,unseen,rossnowlagh,0.7974051532322821,0.32197244379985496,0.17021789737667933,0.17021789737667933,0.847507578405467,0.13323749769760979,0.9981821775436401
frozen_guided_wBCE,frozen_guided,wBCE,cross-entropy,True,True,20221007T114349_rossnowlagh,unseen,rossnowlagh,0.7576122202767629,0.2752442996742671,0.1418981861509352,0.1418981861509352,0.7442476260197628,0.12085895055685776,0.9954835772514343
frozen_guided_wBCE,frozen_guided,wBCE,cross-entropy,True,True,20221116T114349_rossnowlagh,unseen,rossnowlagh,0.820106554297101,0.3158611300204221,0.1831204553720595,0.1831204553720595,0.8055821855862936,0.14534625654863847,0.9986779093742371
frozen_guided_wBCE,frozen_guided,wBCE,cross-entropy,True,True,20221204T115451_rossnowlagh,unseen,rossnowlagh,0.7293740927021402,0.25424721734036315,0.23088570612906767,0.23088570612906767,0.7550115244414973,0.17651389823971875,0.9972371459007263
frozen_guided_wBCE,frozen_guided,wBCE,cross-entropy,True,True,20221211T114501_rossnowlagh,unseen,rossnowlagh,0.7182623137013356,0.25114678899082565,0.22750256793354143,0.22750256793354143,0.7872130184991589,0.174871104289357,0.9960129261016846
frozen_guided_wBCE,frozen_guided,wBCE,cross-entropy,True,True,20240211T113311_portrane,seen,portrane,0.8071017649503125,0.31753554502369674,0.16507918354964335,0.16507918354964335,0.8311441788133584,0.13227675969682484,0.9996321201324463
frozen_guided_wBCE,frozen_guided,wBCE,cross-entropy,True,True,20240623T114351_tramore,seen,tramore,0.8217189685808837,0.35106035889070153,0.1734639809533488,0.1734639809533488,0.824471321767813,0.13886974774761782,0.9993659257888794
frozen_unguided_BCE,frozen_unguided,BCE,cross-entropy,False,False,20171129T113419_bull_island,seen,bull_island,0.8334898178706229,0.3377777777777778,0.016696383281193078,0.007900904112105402,0.5634985342621803,0.031498229647471926,0.7886805534362793
frozen_unguided_BCE,frozen_unguided,BCE,cross-entropy,False,False,20171129T113419_portmarnock,seen,portmarnock,0.19069719132538762,0.1583577712609971,0.015519134288767236,-0.014707857843440031,0.7384628653526306,0.029095237739126086,0.766851007938385
frozen_unguided_BCE,frozen_unguided,BCE,cross-entropy,False,False,20190207T113321_portmarnock,seen,portmarnock,0.5627385202534888,0.40122199592668023,0.007736364463411088,0.003335826750790444,0.21884394233877014,0.024361073929436265,0.8661749958992004
frozen_unguided_BCE,frozen_unguided,BCE,cross-entropy,False,False,20190627T113321_bull_island,seen,bull_island,0.7381095545071175,0.5450549450549451,0.011629511533337899,0.0068696768746228645,0.18346445083618168,0.019344236956524093,0.8496133685112
frozen_unguided_BCE,frozen_unguided,BCE,cross-entropy,False,False,20190707T113321_portrane,seen,portrane,0.5214038173899674,0.40625,0.006593416616023516,-0.004110473414731025,0.15834118922551477,0.024103277008247746,0.8894656896591187
frozen_unguided_BCE,frozen_unguided,BCE,cross-entropy,False,False,20201002T114401_portrane,seen,portrane,0.538117799039404,0.37478108581436076,0.010981825870224154,-0.0037823356866004323,0.2095106840133667,0.0265450567982286,0.8835415840148926
frozen_unguided_BCE,frozen_unguided,BCE,cross-entropy,False,False,20220319T115401_rossnowlagh,unseen,rossnowlagh,1.1289976440565513e-05,0.0,0.02875039399085296,-0.02875039399085296,0.33214467722508645,0.03443064350666352,0.5827531218528748
frozen_unguided_BCE,frozen_unguided,BCE,cross-entropy,False,False,20220323T113321_portrane,seen,portrane,0.3181700227239813,0.2666666666666667,0.010210388904065339,-0.008315186248509113,0.1670686979042857,0.02616822220166077,0.7882571220397949
frozen_unguided_BCE,frozen_unguided,BCE,cross-entropy,False,False,20220326T114351_rossnowlagh,unseen,rossnowlagh,0.028907520092718374,0.032520325203252036,0.02085681692524427,-0.02078114500598808,0.3963358998298645,0.03192091793322432,0.6725273132324219
frozen_unguided_BCE,frozen_unguided,BCE,cross-entropy,False,False,20220408T115401_rossnowlagh,unseen,rossnowlagh,0.003918296243709188,0.0,0.030691331595155837,-0.030316375412427255,0.5746555328369141,0.035507316794764314,0.6704076528549194
frozen_unguided_BCE,frozen_unguided,BCE,cross-entropy,False,False,20220523T115359_rossnowlagh,unseen,rossnowlagh,0.13190423200595305,0.13584905660377358,0.027577312652548234,-0.025161870306697105,0.32965995371341705,0.03565293655507228,0.7270687818527222
frozen_unguided_BCE,frozen_unguided,BCE,cross-entropy,False,False,20220604T114401_rossnowlagh,unseen,rossnowlagh,0.18677332746636427,0.20069204152249134,0.02182033157781247,-0.02104796144194985,0.2149526871740818,0.030602539202951706,0.858400285243988
frozen_unguided_BCE,frozen_unguided,BCE,cross-entropy,False,False,20220607T115411_rossnowlagh,unseen,rossnowlagh,0.27358364983818817,0.2848837209302325,0.018152366507737373,-0.01684336209336401,0.25458693504333496,0.027143545477954424,0.8033678531646729
frozen_unguided_BCE,frozen_unguided,BCE,cross-entropy,False,False,20220722T115409_rossnowlagh,unseen,rossnowlagh,0.22136328976514452,0.22500000000000003,0.02121248732107788,-0.020048298985270316,0.29599203914403915,0.029039984968177366,0.8299694061279297
frozen_unguided_BCE,frozen_unguided,BCE,cross-entropy,False,False,20220811T115409_rossnowlagh,unseen,rossnowlagh,0.09707466566653974,0.13235294117647056,0.02543959046687159,-0.024837698713231545,0.571278989315033,0.030682001060873845,0.7957151532173157
frozen_unguided_BCE,frozen_unguided,BCE,cross-entropy,False,False,20220813T114401_rossnowlagh,unseen,rossnowlagh,0.1264630058028247,0.16027874564459932,0.024361642983584893,-0.024187770414296785,0.3611608386039734,0.0299298764084856,0.7502542734146118
frozen_unguided_BCE,frozen_unguided,BCE,cross-entropy,False,False,20220905T115411_rossnowlagh,unseen,rossnowlagh,0.28255260843641916,0.2551928783382789,0.016998951788425743,-0.016942502340599814,0.2004576667115606,0.028209448444975423,0.8349356651306152
frozen_unguided_BCE,frozen_unguided,BCE,cross-entropy,False,False,20220910T115359_rossnowlagh,unseen,rossnowlagh,0.0970491495136145,0.13533834586466167,0.025452406460998757,-0.02492477424784667,0.4313114980856577,0.030943702026332214,0.7429214119911194
frozen_unguided_BCE,frozen_unguided,BCE,cross-entropy,False,False,20220922T114401_rossnowlagh,unseen,rossnowlagh,0.11828309973190543,0.10181818181818182,0.025223753608132456,-0.022231250935143342,0.4378630667924881,0.0336792974680727,0.7055937051773071
frozen_unguided_BCE,frozen_unguided,BCE,cross-entropy,False,False,20221007T114349_rossnowlagh,unseen,rossnowlagh,0.0,0.0,0.03875804641394216,-0.037954106324333464,0.2895352989435196,0.040386647314724536,0.32141876220703125
frozen_unguided_BCE,frozen_unguided,BCE,cross-entropy,False,False,20221116T114349_rossnowlagh,unseen,rossnowlagh,0.040948275862068964,0.04132231404958678,0.027463391680941012,-0.02726825249992303,0.3973751664161682,0.03429181785729007,0.6026248335838318
frozen_unguided_BCE,frozen_unguided,BCE,cross-entropy,False,False,20221204T115451_rossnowlagh,unseen,rossnowlagh,0.0,0.0,0.0321745927618389,-0.032013873412794346,0.6113543510437012,0.03591646940431016,0.4823763966560364
frozen_unguided_BCE,frozen_unguided,BCE,cross-entropy,False,False,20221211T114501_rossnowlagh,unseen,rossnowlagh,6.938195188837057e-07,0.0,0.034306070995554466,-0.034306070995554466,0.4575454404479579,0.03786568403684776,0.8023378252983093
frozen_unguided_BCE,frozen_unguided,BCE,cross-entropy,False,False,20240211T113311_portrane,seen,portrane,0.46437979275222874,0.26973684210526316,0.02277085126077556,-0.013023070519433484,0.3108962991020896,0.03059484838069418,0.929009735584259
frozen_unguided_BCE,frozen_unguided,BCE,cross-entropy,False,False,20240623T114351_tramore,seen,tramore,0.5137867647058824,0.4657863145258103,0.010792615695688517,-0.009513613790627111,0.8791265487670898,0.028456229756397278,0.8879871368408203
frozen_unguided_DICE,frozen_unguided,DICE,dice,False,False,20171129T113419_bull_island,seen,bull_island,0.6951571423756431,0.33469945355191255,0.06584688178027986,0.035230199896882954,0.7006523410479227,0.06566085223921392,1.0
frozen_unguided_DICE,frozen_unguided,DICE,dice,False,False,20171129T113419_portmarnock,seen,portmarnock,0.5250543342613153,0.35983935742971884,0.04122945379709103,-0.0015753537492418784,0.7144305109977722,0.04232782225744399,1.0
frozen_unguided_DICE,frozen_unguided,DICE,dice,False,False,20190207T113321_portmarnock,seen,portmarnock,0.5284240594257942,0.4227833235466823,0.03900483130574064,0.023359974715588077,0.9079050421714783,0.0399475728839707,1.0
frozen_unguided_DICE,frozen_unguided,DICE,dice,False,False,20190627T113321_bull_island,seen,bull_island,0.5484141635450337,0.45818610129564197,0.03289098215591375,0.028655722444692625,0.9065585255622863,0.0330696771113843,1.0
frozen_unguided_DICE,frozen_unguided,DICE,dice,False,False,20190707T113321_portrane,seen,portrane,0.5060618162192271,0.38587848932676516,0.038374359745580656,0.014015266205901272,0.8901780724525452,0.03865169968519926,1.0
frozen_unguided_DICE,frozen_unguided,DICE,dice,False,False,20201002T114401_portrane,seen,portrane,0.5799066221313641,0.35019455252918286,0.04524415966948138,0.009150077494308028,0.6322699189186096,0.04601759292910736,1.0
frozen_unguided_DICE,frozen_unguided,DICE,dice,False,False,20220319T115401_rossnowlagh,unseen,rossnowlagh,0.3713534139546954,0.2360248447204969,0.036707874959126426,-0.022995345991358135,0.7041182518005371,0.03735187302398908,1.0
frozen_unguided_DICE,frozen_unguided,DICE,dice,False,False,20220323T113321_portrane,seen,portrane,0.5199289829074196,0.3399209486166008,0.0405204842455997,0.003588587648251467,0.6947050988674164,0.041074539352608595,1.0
frozen_unguided_DICE,frozen_unguided,DICE,dice,False,False,20220326T114351_rossnowlagh,unseen,rossnowlagh,0.33323202645236716,0.2171945701357466,0.04055271511791002,-0.013595599611861523,0.7074904044469197,0.041184988330733405,1.0
frozen_unguided_DICE,frozen_unguided,DICE,dice,False,False,20220408T115401_rossnowlagh,unseen,rossnowlagh,0.24363321474563143,0.1339712918660287,0.0411442895332942,-0.030165200324006866,0.8863259553909302,0.041136511402089355,1.0
frozen_unguided_DICE,frozen_unguided,DICE,dice,False,False,20220523T115359_rossnowlagh,unseen,rossnowlagh,0.4683455652778463,0.22935779816513763,0.04268967389754996,-0.02041098229118614,0.8338768482208252,0.04313173330452713,1.0
frozen_unguided_DICE,frozen_unguided,DICE,dice,False,False,20220604T114401_rossnowlagh,unseen,rossnowlagh,0.42212230942148127,0.2867132867132867,0.0370067207233543,-0.014710530164603667,0.9108228571712971,0.03755944144148391,1.0
frozen_unguided_DICE,frozen_unguided,DICE,dice,False,False,20220607T115411_rossnowlagh,unseen,rossnowlagh,0.4205245641598621,0.353099730458221,0.033993023554735595,-0.0007293387027112845,0.762884646654129,0.03443908315478404,1.0
frozen_unguided_DICE,frozen_unguided,DICE,dice,False,False,20220722T115409_rossnowlagh,unseen,rossnowlagh,0.35788268725823064,0.2861313868613139,0.03579657896205,-0.011853324781687435,0.890903890132904,0.03603638338096904,1.0
frozen_unguided_DICE,frozen_unguided,DICE,dice,False,False,20220811T115409_rossnowlagh,unseen,rossnowlagh,0.346656638130478,0.2607260726072607,0.035934933331903354,-0.016842527942364273,0.8969472845395406,0.0364106310066753,1.0
frozen_unguided_DICE,frozen_unguided,DICE,dice,False,False,20220813T114401_rossnowlagh,unseen,rossnowlagh,0.3999316762653077,0.3150912106135987,0.03419979513398566,-0.01417019476177562,0.8733431696891785,0.03390646519269668,1.0
frozen_unguided_DICE,frozen_unguided,DICE,dice,False,False,20220905T115411_rossnowlagh,unseen,rossnowlagh,0.3904904471823897,0.28487518355359764,0.03817627113975198,-0.009257859442388707,0.8347406089305878,0.03855424011741139,1.0
frozen_unguided_DICE,frozen_unguided,DICE,dice,False,False,20220910T115359_rossnowlagh,unseen,rossnowlagh,0.392472030227589,0.2920962199312715,0.0355388587332177,-0.01725082292923637,0.9123561680316925,0.035628415986969114,1.0
frozen_unguided_DICE,frozen_unguided,DICE,dice,False,False,20220922T114401_rossnowlagh,unseen,rossnowlagh,0.37169065312462984,0.1492537313432836,0.046888020256508914,-0.01968556971030604,0.9216487169265747,0.04691076327399956,1.0
frozen_unguided_DICE,frozen_unguided,DICE,dice,False,False,20221007T114349_rossnowlagh,unseen,rossnowlagh,0.007764823809655597,0.0,0.04162536333605129,-0.04092218016378427,0.9881481528282166,0.04162125764268281,0.9985321760177612
frozen_unguided_DICE,frozen_unguided,DICE,dice,False,False,20221116T114349_rossnowlagh,unseen,rossnowlagh,0.352243546044088,0.27414330218068533,0.03901113603256424,-0.026222504783928933,0.7898991107940674,0.039622051672261197,1.0
frozen_unguided_DICE,frozen_unguided,DICE,dice,False,False,20221204T115451_rossnowlagh,unseen,rossnowlagh,0.1920035538217032,0.21678321678321677,0.03793318724032631,-0.03289673386435474,0.7221179604530334,0.03795736526738765,1.0
frozen_unguided_DICE,frozen_unguided,DICE,dice,False,False,20221211T114501_rossnowlagh,unseen,rossnowlagh,0.16343915485997915,0.09771986970684038,0.04280564562879899,-0.03438130625318193,0.8853050842881203,0.04274020666571099,1.0
frozen_unguided_DICE,frozen_unguided,DICE,dice,False,False,20240211T113311_portrane,seen,portrane,0.39999731562658003,0.2683363148479428,0.04112046813589182,-0.0019258497462100073,0.8167712092399597,0.0415243617302103,1.0
frozen_unguided_DICE,frozen_unguided,DICE,dice,False,False,20240623T114351_tramore,seen,tramore,0.8258110185583598,0.5420560747663551,0.037380896545005614,0.004744908698480953,0.8324984709421793,0.03977312677670878,1.0
frozen_unguided_wBCE,frozen_unguided,wBCE,cross-entropy,True,False,20171129T113419_bull_island,seen,bull_island,0.19758628921485832,0.08297029702970296,0.22276706724976253,0.22276706724976253,0.837733976031899,0.1541320379350055,0.9991832971572876
frozen_unguided_wBCE,frozen_unguided,wBCE,cross-entropy,True,False,20171129T113419_portmarnock,seen,portmarnock,0.26339730065784145,0.12284122562674095,0.19507780357309468,0.19507780357309468,0.8325309743483862,0.13807141143117135,0.9994585514068604
frozen_unguided_wBCE,frozen_unguided,wBCE,cross-entropy,True,False,20190207T113321_portmarnock,seen,portmarnock,0.1821635427525547,0.07867383512544802,0.20337863124511255,0.20337863124511255,0.8648077801746481,0.1633611579063133,0.9995726943016052
frozen_unguided_wBCE,frozen_unguided,wBCE,cross-entropy,True,False,20190627T113321_bull_island,seen,bull_island,0.1550463462668159,0.06302299283829627,0.21916532277215733,0.21916532277215733,0.8773076518987998,0.15428207701759808,0.9996747970581055
frozen_unguided_wBCE,frozen_unguided,wBCE,cross-entropy,True,False,20190707T113321_portrane,seen,portrane,0.12486203213872941,0.05272407732864675,0.21871141225908944,0.21871141225908944,0.8454428889921733,0.1588729508919269,0.9997750520706177
frozen_unguided_wBCE,frozen_unguided,wBCE,cross-entropy,True,False,20201002T114401_portrane,seen,portrane,0.22155326337725478,0.09386578839028406,0.1943900775687875,0.1943900775687875,0.8209287785779574,0.15917933215542984,0.9998111724853516
frozen_unguided_wBCE,frozen_unguided,wBCE,cross-entropy,True,False,20220319T115401_rossnowlagh,unseen,rossnowlagh,0.12014078059828223,0.05200318386840011,0.1879766873032997,0.1879766873032997,0.7427269033638828,0.13305768061947004,0.9972938299179077
frozen_unguided_wBCE,frozen_unguided,wBCE,cross-entropy,True,False,20220323T113321_portrane,seen,portrane,0.1438671150209743,0.05776355675311553,0.2340225101288716,0.2340225101288716,0.818428077204253,0.17026215277570864,0.9989306926727295
frozen_unguided_wBCE,frozen_unguided,wBCE,cross-entropy,True,False,20220326T114351_rossnowlagh,unseen,rossnowlagh,0.15940429205005083,0.06717095310136158,0.2278123981896421,0.2278123981896421,0.7854200119481367,0.1578854084582141,0.9979609847068787
frozen_unguided_wBCE,frozen_unguided,wBCE,cross-entropy,True,False,20220408T115401_rossnowlagh,unseen,rossnowlagh,0.2214699674023494,0.09407387722561786,0.17607778704307178,0.17607778704307178,0.764342590205131,0.12277971102741687,0.9973501563072205
frozen_unguided_wBCE,frozen_unguided,wBCE,cross-entropy,True,False,20220523T115359_rossnowlagh,unseen,rossnowlagh,0.29506902844663924,0.13043478260869568,0.13614033706809445,0.13614033706809445,0.7531893166402976,0.11274739482149732,0.9997493624687195
frozen_unguided_wBCE,frozen_unguided,wBCE,cross-entropy,True,False,20220604T114401_rossnowlagh,unseen,rossnowlagh,0.2449426889344031,0.11671924290220818,0.14480047007387528,0.14480047007387528,0.7486084945618161,0.11046524196982442,0.9997040033340454
frozen_unguided_wBCE,frozen_unguided,wBCE,cross-entropy,True,False,20220607T115411_rossnowlagh,unseen,rossnowlagh,0.24673949935074488,0.11641443538998836,0.1516355494768005,0.1516355494768005,0.8199179183553766,0.11466939454162317,0.9996539354324341
frozen_unguided_wBCE,frozen_unguided,wBCE,cross-entropy,True,False,20220722T115409_rossnowlagh,unseen,rossnowlagh,0.27254260415197656,0.13328776486671223,0.13634554075147687,0.13634554075147687,0.7663961748282115,0.1045368226576469,0.9994564056396484
frozen_unguided_wBCE,frozen_unguided,wBCE,cross-entropy,True,False,20220811T115409_rossnowlagh,unseen,rossnowlagh,0.1937094554864488,0.1005527770465912,0.13040917497645133,0.13040917497645133,0.754229049259257,0.10100176421031207,0.9989513158798218
frozen_unguided_wBCE,frozen_unguided,wBCE,cross-entropy,True,False,20220813T114401_rossnowlagh,unseen,rossnowlagh,0.1988632278919485,0.10023492560689115,0.12971622070877295,0.12971622070877295,0.7369771062350664,0.10117097822814795,0.9992744326591492
frozen_unguided_wBCE,frozen_unguided,wBCE,cross-entropy,True,False,20220905T115411_rossnowlagh,unseen,rossnowlagh,0.27597023442559526,0.13615333773959024,0.130946828102422,0.130946828102422,0.8535272026700632,0.10534727894881069,0.9994786977767944
frozen_unguided_wBCE,frozen_unguided,wBCE,cross-entropy,True,False,20220910T115359_rossnowlagh,unseen,rossnowlagh,0.19003198692565917,0.09936575052854124,0.1261102760769792,0.1261102760769792,0.6842503053386038,0.09852816967087268,0.9989031553268433
frozen_unguided_wBCE,frozen_unguided,wBCE,cross-entropy,True,False,20220922T114401_rossnowlagh,unseen,rossnowlagh,0.23212476947191496,0.11137440758293839,0.1528990535224054,0.1528990535224054,0.7178672353426616,0.11760573679404715,0.9993480443954468
frozen_unguided_wBCE,frozen_unguided,wBCE,cross-entropy,True,False,20221007T114349_rossnowlagh,unseen,rossnowlagh,0.19317949667045706,0.0718562874251497,0.08466799253876292,0.04771088484488045,0.8217360581837447,0.07333939388364676,0.9952963590621948
frozen_unguided_wBCE,frozen_unguided,wBCE,cross-entropy,True,False,20221116T114349_rossnowlagh,unseen,rossnowlagh,0.272264701065178,0.12955223880597017,0.1651877238430258,0.1651877238430258,0.7232887911570581,0.12115940009714399,0.9970074892044067
frozen_unguided_wBCE,frozen_unguided,wBCE,cross-entropy,True,False,20221204T115451_rossnowlagh,unseen,rossnowlagh,0.24996113043186857,0.10168434185901436,0.18870327326890093,0.18870327326890093,0.7751908558301437,0.1297913920055026,0.9946014881134033
frozen_unguided_wBCE,frozen_unguided,wBCE,cross-entropy,True,False,20221211T114501_rossnowlagh,unseen,rossnowlagh,0.19446299690118074,0.08390892811460733,0.16943652276502175,0.16943652276502175,0.7649426801451322,0.12173202696385212,0.9999990463256836
frozen_unguided_wBCE,frozen_unguided,wBCE,cross-entropy,True,False,20240211T113311_portrane,seen,portrane,0.14411051368712774,0.06789623023915688,0.16541662237489863,0.16541662237489863,0.7504861476909683,0.12864268651750577,0.9999966621398926
frozen_unguided_wBCE,frozen_unguided,wBCE,cross-entropy,True,False,20240623T114351_tramore,seen,tramore,0.3394266785211009,0.15972837319161504,0.1935239355677243,0.1935239355677243,0.7983549793919286,0.14342845845774665,0.9998579621315002
trainable_guided_BCE,trainable_guided,BCE,cross-entropy,False,True,20171129T113419_bull_island,seen,bull_island,0.6851469195887249,0.4214876033057851,0.006459574246030355,0.0007017354790715502,0.32549116015434265,0.02444871482405338,0.8463708162307739
trainable_guided_BCE,trainable_guided,BCE,cross-entropy,False,True,20171129T113419_portmarnock,seen,portmarnock,0.9442451118726064,0.6547085201793722,0.005585654966992913,0.0037879784008874257,0.1144899683339255,0.01956329027270109,0.9717597961425781
trainable_guided_BCE,trainable_guided,BCE,cross-entropy,False,True,20190207T113321_portmarnock,seen,portmarnock,0.9634565434565434,0.647450110864745,0.005614572313261914,0.004971028474126859,0.0984029725745873,0.019861174618064595,0.9841225743293762
trainable_guided_BCE,trainable_guided,BCE,cross-entropy,False,True,20190627T113321_bull_island,seen,bull_island,0.7252501087429318,0.5937072503419972,0.00616134339753027,-0.0014830407239877332,0.1223697677254677,0.01824640754888539,0.8607115745544434
trainable_guided_BCE,trainable_guided,BCE,cross-entropy,False,True,20190707T113321_portrane,seen,portrane,0.8662038249934503,0.6100151745068285,0.0036347343900495046,0.001456043380857023,0.18817542493343353,0.019283923583866196,0.9416574239730835
trainable_guided_BCE,trainable_guided,BCE,cross-entropy,False,True,20201002T114401_portrane,seen,portrane,0.9144027484143763,0.5833333333333334,0.007329996460572867,0.0014303937497443192,0.2011794975170722,0.02162736204251593,0.976557731628418
trainable_guided_BCE,trainable_guided,BCE,cross-entropy,False,True,20220319T115401_rossnowlagh,unseen,rossnowlagh,0.6502351097178685,0.4564102564102564,0.012091743559143015,-0.0018759655261124755,0.2318162679672241,0.024580294662734918,0.8845752477645874
trainable_guided_BCE,trainable_guided,BCE,cross-entropy,False,True,20220323T113321_portrane,seen,portrane,0.8380150461783116,0.5629860031104199,0.006059336958990122,0.0027526505842133935,0.14664066363783446,0.021684762690511228,0.9548919200897217
trainable_guided_BCE,trainable_guided,BCE,cross-entropy,False,True,20220326T114351_rossnowlagh,unseen,rossnowlagh,0.6510640221847118,0.47692307692307695,0.007115942426662279,0.0002557441274030793,0.2592627339892918,0.023522787548791887,0.9287874698638916
trainable_guided_BCE,trainable_guided,BCE,cross-entropy,False,True,20220408T115401_rossnowlagh,unseen,rossnowlagh,0.5456896551724139,0.4793388429752067,0.008746712699043247,-0.0034612067043209797,0.1257249363831111,0.022813286867738078,0.9073350429534912
trainable_guided_BCE,trainable_guided,BCE,cross-entropy,False,True,20220523T115359_rossnowlagh,unseen,rossnowlagh,0.7275418546970271,0.3640776699029126,0.021596471682025647,-0.003387962211555466,0.4721610188484192,0.030797480298332975,0.939531147480011
trainable_guided_BCE,trainable_guided,BCE,cross-entropy,False,True,20220604T114401_rossnowlagh,unseen,rossnowlagh,0.6509072823727998,0.5618556701030928,0.012204770162415217,-0.007529834706481319,0.4552331964174906,0.022145724773267084,0.98606276512146
trainable_guided_BCE,trainable_guided,BCE,cross-entropy,False,True,20220607T115411_rossnowlagh,unseen,rossnowlagh,0.7061912225705329,0.5472636815920398,0.009126610293339046,-0.005395223331989049,0.20241893827915192,0.02170035814425027,0.9487183690071106
trainable_guided_BCE,trainable_guided,BCE,cross-entropy,False,True,20220722T115409_rossnowlagh,unseen,rossnowlagh,0.8746141789245239,0.6606334841628959,0.00975185012662002,-0.0006928422358284672,0.2002178927262624,0.020195391312783664,0.9568747282028198
trainable_guided_BCE,trainable_guided,BCE,cross-entropy,False,True,20220811T115409_rossnowlagh,unseen,rossnowlagh,0.80392452375211,0.6352941176470588,0.011237703243589454,-0.0035921861251512486,0.3428332686424256,0.021190707877924892,0.9556527137756348
trainable_guided_BCE,trainable_guided,BCE,cross-entropy,False,True,20220813T114401_rossnowlagh,unseen,rossnowlagh,0.8875000000000002,0.6382022471910112,0.010128138016473403,-0.0020526556875371067,0.37334026609148296,0.021373110221144298,0.9614277482032776
trainable_guided_BCE,trainable_guided,BCE,cross-entropy,False,True,20220905T115411_rossnowlagh,unseen,rossnowlagh,0.8185796961659031,0.6200466200466199,0.004196306049430761,-0.0008872388638198193,0.11761256059010816,0.019458782239103013,0.9705066084861755
trainable_guided_BCE,trainable_guided,BCE,cross-entropy,False,True,20220910T115359_rossnowlagh,unseen,rossnowlagh,0.7461659030624548,0.5728155339805824,0.011780248902744133,-0.003618443355151885,0.20005418360233307,0.02162238966506858,0.9569072723388672
trainable_guided_BCE,trainable_guided,BCE,cross-entropy,False,True,20220922T114401_rossnowlagh,unseen,rossnowlagh,0.7211659030624548,0.45098039215686275,0.013380414305070008,-0.004373867902057526,0.3131195562226432,0.024713588991891865,0.9103536605834961
trainable_guided_BCE,trainable_guided,BCE,cross-entropy,False,True,20221007T114349_rossnowlagh,unseen,rossnowlagh,0.37194357366771175,0.18461538461538463,0.03275210367365276,-0.017604778096318108,0.7030879855155945,0.03828493040294548,0.9033445715904236
trainable_guided_BCE,trainable_guided,BCE,cross-entropy,False,True,20221116T114349_rossnowlagh,unseen,rossnowlagh,0.7298981191222571,0.45365853658536587,0.01153991054386196,-0.00022966306050074684,0.2564611186583837,0.025734275975912397,0.8965420126914978
trainable_guided_BCE,trainable_guided,BCE,cross-entropy,False,True,20221204T115451_rossnowlagh,unseen,rossnowlagh,0.5456896551724137,0.4793388429752067,0.009244249798632056,-0.006141531260809918,0.11521092891693119,0.024524730795230057,0.9102473258972168
trainable_guided_BCE,trainable_guided,BCE,cross-entropy,False,True,20221211T114501_rossnowlagh,unseen,rossnowlagh,0.4995744680851064,0.42577030812324934,0.013393951941700528,-0.010795824174793186,0.20318587496876717,0.026585031025304264,0.9257440567016602
trainable_guided_BCE,trainable_guided,BCE,cross-entropy,False,True,20240211T113311_portrane,seen,portrane,0.8847071296050888,0.5575757575757576,0.007902492157717792,0.0021217026320281373,0.2806009621847243,0.022240816994875928,0.9371094107627869
trainable_guided_BCE,trainable_guided,BCE,cross-entropy,False,True,20240623T114351_tramore,seen,tramore,0.8963569518716578,0.6685768863419294,0.004080552503514063,0.0002572069271711326,0.13744738468757045,0.020376725793833785,0.9407740831375122
trainable_guided_DICE,trainable_guided,DICE,dice,False,True,20171129T113419_bull_island,seen,bull_island,0.9258008093601314,0.4431256181998022,0.04820309580973421,0.015190747591648247,0.8945189019044241,0.048564932239211406,1.0
trainable_guided_DICE,trainable_guided,DICE,dice,False,True,20171129T113419_portmarnock,seen,portmarnock,0.9542632020220891,0.6903460837887069,0.03188173429036338,0.019440539044510756,0.4719880074262619,0.031640988956030215,1.0
trainable_guided_DICE,trainable_guided,DICE,dice,False,True,20190207T113321_portmarnock,seen,portmarnock,0.9493828319331675,0.6560402684563759,0.03846249894967155,0.028647586522010313,0.7217692245136609,0.03845232082061022,1.0
trainable_guided_DICE,trainable_guided,DICE,dice,False,True,20190627T113321_bull_island,seen,bull_island,0.9575912975912977,0.6799601196410767,0.025785775850605396,0.014640545216079891,0.5591783608709062,0.02714442602343915,1.0
trainable_guided_DICE,trainable_guided,DICE,dice,False,True,20190707T113321_portrane,seen,portrane,0.9497093724638634,0.6391509433962264,0.03149105491426134,0.01673811545791992,0.550935651574816,0.0320360491763635,1.0
trainable_guided_DICE,trainable_guided,DICE,dice,False,True,20201002T114401_portrane,seen,portrane,0.9435461681175967,0.5937859608745684,0.03646766251457722,0.019425583714443022,0.6430937349796295,0.03619530634000888,1.0
trainable_guided_DICE,trainable_guided,DICE,dice,False,True,20220319T115401_rossnowlagh,unseen,rossnowlagh,0.9463013025313345,0.5724770642201835,0.03966983848150409,0.013766742899896853,0.7083932161331177,0.03975409297622579,1.0
trainable_guided_DICE,trainable_guided,DICE,dice,False,True,20220323T113321_portrane,seen,portrane,0.9424047543365727,0.6130884041331803,0.03593146658031545,0.020730158799204052,0.654615581035614,0.035737290156022776,1.0
trainable_guided_DICE,trainable_guided,DICE,dice,False,True,20220326T114351_rossnowlagh,unseen,rossnowlagh,0.9460859528820694,0.5767097966728282,0.03824900248807187,0.0141266470657868,0.5000844299793243,0.03901952942465568,1.0
trainable_guided_DICE,trainable_guided,DICE,dice,False,True,20220408T115401_rossnowlagh,unseen,rossnowlagh,0.9535461160461162,0.6363636363636365,0.030680534672904092,0.011017845261279916,0.756951860019139,0.032045280016367694,1.0
trainable_guided_DICE,trainable_guided,DICE,dice,False,True,20220523T115359_rossnowlagh,unseen,rossnowlagh,0.9257839164293256,0.45849802371541504,0.04593351454538705,0.006256458245078408,0.7417454123497009,0.04645008333249959,1.0
trainable_guided_DICE,trainable_guided,DICE,dice,False,True,20220604T114401_rossnowlagh,unseen,rossnowlagh,0.9572710753813117,0.6337448559670782,0.02956040925890312,0.003203767180389956,0.8404640704393387,0.030029973165210673,1.0
trainable_guided_DICE,trainable_guided,DICE,dice,False,True,20220607T115411_rossnowlagh,unseen,rossnowlagh,0.9563375692407953,0.61839530332681,0.03216954994339524,0.00785116679562701,0.9062427381674448,0.03213821062060028,1.0
trainable_guided_DICE,trainable_guided,DICE,dice,False,True,20220722T115409_rossnowlagh,unseen,rossnowlagh,0.9535449533401753,0.6476190476190476,0.030998900894914402,0.01060533263332528,0.9246403276920319,0.03112306848186198,1.0
trainable_guided_DICE,trainable_guided,DICE,dice,False,True,20220811T115409_rossnowlagh,unseen,rossnowlagh,0.9587561904287883,0.6705653021442495,0.028123155653172027,0.008607718956974533,0.5725428064664204,0.028506364906476605,1.0
trainable_guided_DICE,trainable_guided,DICE,dice,False,True,20220813T114401_rossnowlagh,unseen,rossnowlagh,0.9575023592324632,0.6410748560460653,0.030412490233000772,0.009307452845860613,0.7783467968304952,0.030663857953732554,1.0
trainable_guided_DICE,trainable_guided,DICE,dice,False,True,20220905T115411_rossnowlagh,unseen,rossnowlagh,0.9553354053354054,0.658273381294964,0.031336753165457046,0.016443999027153714,0.926201581954956,0.03134556774255548,1.0
trainable_guided_DICE,trainable_guided,DICE,dice,False,True,20220910T115359_rossnowlagh,unseen,rossnowlagh,0.9568881118881118,0.65234375,0.0290574193042559,0.009105140775151904,0.7624779343605042,0.029599846860858793,1.0
trainable_guided_DICE,trainable_guided,DICE,dice,False,True,20220922T114401_rossnowlagh,unseen,rossnowlagh,0.9518048128342246,0.5753968253968254,0.034413334790591964,0.007078135118878006,0.8494126200675964,0.03548245204062944,1.0
trainable_guided_DICE,trainable_guided,DICE,dice,False,True,20221007T114349_rossnowlagh,unseen,rossnowlagh,0.6831422887457372,0.2211302211302211,0.05440002222367325,-0.009898207930308135,0.9100658694903055,0.05344785551766184,1.0
trainable_guided_DICE,trainable_guided,DICE,dice,False,True,20221116T114349_rossnowlagh,unseen,rossnowlagh,0.9314640052504131,0.5064695009242145,0.0433902899632995,0.013410907807733182,0.713073194026947,0.043885510641196286,1.0
trainable_guided_DICE,trainable_guided,DICE,dice,False,True,20221204T115451_rossnowlagh,unseen,rossnowlagh,0.9488295602702383,0.5384615384615385,0.035228638157312024,0.00018015433671888376,0.6738912016153336,0.03532004987072173,1.0
trainable_guided_DICE,trainable_guided,DICE,dice,False,True,20221211T114501_rossnowlagh,unseen,rossnowlagh,0.8583752417794972,0.5336322869955157,0.03585367061896613,-0.004282399075562583,0.8414982110261917,0.03530988306805174,1.0
trainable_guided_DICE,trainable_guided,DICE,dice,False,True,20240211T113311_portrane,seen,portrane,0.9467385042142324,0.6037296037296038,0.03578378963188654,0.019055851059032944,0.8097726106643677,0.03659168079608412,1.0
trainable_guided_DICE,trainable_guided,DICE,dice,False,True,20240623T114351_tramore,seen,tramore,0.9611418284685611,0.7002398081534773,0.02765068762253684,0.01260973949784091,0.569499929745992,0.029545001720546853,1.0
trainable_guided_wBCE,trainable_guided,wBCE,cross-entropy,True,True,20171129T113419_bull_island,seen,bull_island,0.8669191038365407,0.3668275559455902,0.13343155051141367,0.13343155051141367,0.8357133423959886,0.11386221548433181,0.9991334676742554
trainable_guided_wBCE,trainable_guided,wBCE,cross-entropy,True,True,20171129T113419_portmarnock,seen,portmarnock,0.8970387694305489,0.4466501240694789,0.11220817552716164,0.11220817552716164,0.8137878592197711,0.095433488796119,0.9995494484901428
trainable_guided_wBCE,trainable_guided,wBCE,cross-entropy,True,True,20190207T113321_portmarnock,seen,portmarnock,0.9081934832437851,0.4571723426212591,0.10147372325256365,0.10147372325256365,0.8366704798407025,0.08780189760719177,0.9997356534004211
trainable_guided_wBCE,trainable_guided,wBCE,cross-entropy,True,True,20190627T113321_bull_island,seen,bull_island,0.8968961588004096,0.40543161978661496,0.11273089385108323,0.11273089385108323,0.8738394252647309,0.09513939369246599,0.9989262819290161
trainable_guided_wBCE,trainable_guided,wBCE,cross-entropy,True,True,20190707T113321_portrane,seen,portrane,0.8798822429330738,0.4180722891566265,0.11161168609370925,0.11161168609370925,0.8228009392817814,0.09243625000501854,0.9996312856674194
trainable_guided_wBCE,trainable_guided,wBCE,cross-entropy,True,True,20201002T114401_portrane,seen,portrane,0.8886242932901361,0.4275947793660659,0.10495466744310518,0.10495466744310518,0.770565396973065,0.0893481377348649,0.9997901320457458
trainable_guided_wBCE,trainable_guided,wBCE,cross-entropy,True,True,20220319T115401_rossnowlagh,unseen,rossnowlagh,0.8842922839957714,0.4245374878286271,0.09912158599704463,0.09912158599704463,0.7595922448314154,0.0845728240646685,0.9987578988075256
trainable_guided_wBCE,trainable_guided,wBCE,cross-entropy,True,True,20220323T113321_portrane,seen,portrane,0.8711000347599004,0.3875706214689266,0.12289873764481629,0.12289873764481629,0.8706216516224204,0.10216930956960679,0.999626874923706
trainable_guided_wBCE,trainable_guided,wBCE,cross-entropy,True,True,20220326T114351_rossnowlagh,unseen,rossnowlagh,0.8847926721933991,0.42474607571560474,0.10782006989635792,0.10782006989635792,0.8294691929110775,0.09099542793847543,0.998405933380127
trainable_guided_wBCE,trainable_guided,wBCE,cross-entropy,True,True,20220408T115401_rossnowlagh,unseen,rossnowlagh,0.8992508624002962,0.4378013500482161,0.10006961234554815,0.10006961234554815,0.8620617899698081,0.084743841562707,0.9989265203475952
trainable_guided_wBCE,trainable_guided,wBCE,cross-entropy,True,True,20220523T115359_rossnowlagh,unseen,rossnowlagh,0.902911708174866,0.49126637554585156,0.07998400555101046,0.07998400555101046,0.6445223485168659,0.07054243889823948,0.9997878670692444
trainable_guided_wBCE,trainable_guided,wBCE,cross-entropy,True,True,20220604T114401_rossnowlagh,unseen,rossnowlagh,0.9163793973748727,0.4849162011173185,0.07798791915050177,0.07671093937718923,0.7597181984356471,0.06815500773134149,0.999525785446167
trainable_guided_wBCE,trainable_guided,wBCE,cross-entropy,True,True,20220607T115411_rossnowlagh,unseen,rossnowlagh,0.9191495029792903,0.4930629669156883,0.08384475162264238,0.08384475162264238,0.8043751365998212,0.07064039896209263,0.9997787475585938
trainable_guided_wBCE,trainable_guided,wBCE,cross-entropy,True,True,20220722T115409_rossnowlagh,unseen,rossnowlagh,0.9158673474462948,0.4855614973262032,0.08249403693010708,0.08249403693010708,0.8103421557517279,0.07054704629575187,0.9995107650756836
trainable_guided_wBCE,trainable_guided,wBCE,cross-entropy,True,True,20220811T115409_rossnowlagh,unseen,rossnowlagh,0.9194390249249185,0.48505747126436777,0.07267754338212068,0.07201716491487367,0.8184149057968804,0.0647294811740282,0.9995936751365662
trainable_guided_wBCE,trainable_guided,wBCE,cross-entropy,True,True,20220813T114401_rossnowlagh,unseen,rossnowlagh,0.9201615735862312,0.4926884139482564,0.07484491112522806,0.07484491112522806,0.7904807578159283,0.06653818108714407,0.9997251033782959
trainable_guided_wBCE,trainable_guided,wBCE,cross-entropy,True,True,20220905T115411_rossnowlagh,unseen,rossnowlagh,0.9139341480437372,0.4802494802494803,0.08569112259780265,0.08569112259780265,0.8175975545397345,0.0729629031385045,0.9995641112327576
trainable_guided_wBCE,trainable_guided,wBCE,cross-entropy,True,True,20220910T115359_rossnowlagh,unseen,rossnowlagh,0.9160358450327103,0.47586206896551725,0.07358393794426998,0.07358393794426998,0.8463990150226487,0.06664207102472282,0.9995832443237305
trainable_guided_wBCE,trainable_guided,wBCE,cross-entropy,True,True,20220922T114401_rossnowlagh,unseen,rossnowlagh,0.9050843224572039,0.474468085106383,0.08250257966206127,0.08250257966206127,0.773753379782041,0.07165247166656258,0.9993228912353516
trainable_guided_wBCE,trainable_guided,wBCE,cross-entropy,True,True,20221007T114349_rossnowlagh,unseen,rossnowlagh,0.8768099321492987,0.40425531914893614,0.06690532426488502,0.05247650317772835,0.7058063327289019,0.06788396925399175,0.9990730881690979
trainable_guided_wBCE,trainable_guided,wBCE,cross-entropy,True,True,20221116T114349_rossnowlagh,unseen,rossnowlagh,0.8909336216960396,0.45092322643343047,0.09924037145403805,0.09924037145403805,0.7266378286092178,0.08491246418014017,0.9992969036102295
trainable_guided_wBCE,trainable_guided,wBCE,cross-entropy,True,True,20221204T115451_rossnowlagh,unseen,rossnowlagh,0.869428550961738,0.40255009107468126,0.1111714509225955,0.1111714509225955,0.8257336888847681,0.09345126834152376,0.9985727667808533
trainable_guided_wBCE,trainable_guided,wBCE,cross-entropy,True,True,20221211T114501_rossnowlagh,unseen,rossnowlagh,0.8807487171058551,0.4094955489614243,0.09687753239110919,0.09666859760547224,0.7726457412125635,0.0837361579390136,0.9982595443725586
trainable_guided_wBCE,trainable_guided,wBCE,cross-entropy,True,True,20240211T113311_portrane,seen,portrane,0.8949258829249619,0.4240506329113924,0.10277854785769669,0.10277854785769669,0.832955923947421,0.08827471565697596,0.9997504353523254
trainable_guided_wBCE,trainable_guided,wBCE,cross-entropy,True,True,20240623T114351_tramore,seen,tramore,0.9078478636053399,0.46529562982005135,0.10849413531436511,0.10849413531436511,0.8356197531406696,0.09101236099794591,0.9995524883270264
trainable_unguided_BCE,trainable_unguided,BCE,cross-entropy,False,False,20171129T113419_bull_island,seen,bull_island,0.6223213410390368,0.36319018404907977,0.0045665713896079424,-0.0002642286964166721,0.49506586790084844,0.02321766863484701,0.9291298389434814
trainable_unguided_BCE,trainable_unguided,BCE,cross-entropy,False,False,20171129T113419_portmarnock,seen,portmarnock,0.6422445140844946,0.49183477425552347,0.006824506678475186,-0.0006046106838652448,0.09610909559357339,0.022194666112787014,0.93015056848526
trainable_unguided_BCE,trainable_unguided,BCE,cross-entropy,False,False,20190207T113321_portmarnock,seen,portmarnock,0.65906764367662,0.5220657276995305,0.0052215822517705235,0.00330174510535012,0.10689294643891167,0.02036508964270098,0.9675325751304626
trainable_unguided_BCE,trainable_unguided,BCE,cross-entropy,False,False,20190627T113321_bull_island,seen,bull_island,0.7329617515875044,0.5468245425188374,0.005391820701391884,0.004271930852871591,0.17289412021636963,0.01882198838930795,0.9683758020401001
trainable_unguided_BCE,trainable_unguided,BCE,cross-entropy,False,False,20190707T113321_portrane,seen,portrane,0.7545906403042603,0.5171428571428572,0.003596283703206788,0.00015296685796867303,0.12233938412232837,0.019918595697055813,0.9453017115592957
trainable_unguided_BCE,trainable_unguided,BCE,cross-entropy,False,False,20201002T114401_portrane,seen,portrane,0.8380314489678665,0.5228951255539143,0.007357058170894435,0.0007943302402818012,0.2350568585925632,0.022264882893820392,0.9720416069030762
trainable_unguided_BCE,trainable_unguided,BCE,cross-entropy,False,False,20220319T115401_rossnowlagh,unseen,rossnowlagh,0.17259310701346303,0.14012738853503184,0.029404500434216798,-0.027000982336348286,0.8204200267791748,0.03308217016622402,0.9008796811103821
trainable_unguided_BCE,trainable_unguided,BCE,cross-entropy,False,False,20220323T113321_portrane,seen,portrane,0.7531602299317696,0.5228346456692913,0.007590711731740621,0.0014151922934107096,0.10682103415610084,0.021126731480730607,0.9720824360847473
trainable_unguided_BCE,trainable_unguided,BCE,cross-entropy,False,False,20220326T114351_rossnowlagh,unseen,rossnowlagh,0.5106330956009345,0.26872246696035246,0.019779962209039718,-0.008084069418577713,0.3810769021511078,0.030875851351806174,0.8877978920936584
trainable_unguided_BCE,trainable_unguided,BCE,cross-entropy,False,False,20220408T115401_rossnowlagh,unseen,rossnowlagh,0.19066479251422624,0.186046511627907,0.028772961239437907,-0.026701964422551332,0.38507264852523804,0.03329406512793659,0.799083411693573
trainable_unguided_BCE,trainable_unguided,BCE,cross-entropy,False,False,20220523T115359_rossnowlagh,unseen,rossnowlagh,0.2425839352848881,0.15635179153094464,0.03257830119009816,-0.026011370586087452,0.9090455770492554,0.03651976006138948,0.9232972860336304
trainable_unguided_BCE,trainable_unguided,BCE,cross-entropy,False,False,20220604T114401_rossnowlagh,unseen,rossnowlagh,0.35309923778263086,0.3448275862068966,0.02346517317184285,-0.021904095257441154,0.9531630873680115,0.03040123211673729,0.9531630873680115
trainable_unguided_BCE,trainable_unguided,BCE,cross-entropy,False,False,20220607T115411_rossnowlagh,unseen,rossnowlagh,0.3084157869465856,0.2934131736526946,0.020552304564719553,-0.01945274674902706,0.276272751390934,0.026734638871226256,0.9128616452217102
trainable_unguided_BCE,trainable_unguided,BCE,cross-entropy,False,False,20220722T115409_rossnowlagh,unseen,rossnowlagh,0.2011701560078053,0.22149837133550487,0.026890951538274324,-0.026212049883725632,0.41148877143859863,0.030251015367343988,0.9218765497207642
trainable_unguided_BCE,trainable_unguided,BCE,cross-entropy,False,False,20220811T115409_rossnowlagh,unseen,rossnowlagh,0.08823744816050333,0.10676156583629895,0.03275975181160189,-0.0323436791975629,0.47840383435998646,0.034254613678628955,0.8876445293426514
trainable_unguided_BCE,trainable_unguided,BCE,cross-entropy,False,False,20220813T114401_rossnowlagh,unseen,rossnowlagh,0.1627507039161289,0.17333333333333334,0.0295758260518936,-0.028702013644517382,0.8844954073429108,0.032236330433403355,0.8907764554023743
trainable_unguided_BCE,trainable_unguided,BCE,cross-entropy,False,False,20220905T115411_rossnowlagh,unseen,rossnowlagh,0.16236178652426633,0.16666666666666669,0.028835082722709453,-0.02747143881586723,0.934095025062561,0.031109291829922874,0.934095025062561
trainable_unguided_BCE,trainable_unguided,BCE,cross-entropy,False,False,20220910T115359_rossnowlagh,unseen,rossnowlagh,0.10422483976919913,0.10958904109589042,0.03552467883406455,-0.03465089801726582,0.43270575503508246,0.03730149947340836,0.8466670513153076
trainable_unguided_BCE,trainable_unguided,BCE,cross-entropy,False,False,20220922T114401_rossnowlagh,unseen,rossnowlagh,0.12649599330437178,0.10791366906474822,0.03562602038883668,-0.03265427673797103,0.5126217722892761,0.0372990294335285,0.8539960384368896
trainable_unguided_BCE,trainable_unguided,BCE,cross-entropy,False,False,20221007T114349_rossnowlagh,unseen,rossnowlagh,0.0,0.0,0.041064805364798694,-0.04070032080940104,0.2728983759880066,0.04104142122079154,0.2728983759880066
trainable_unguided_BCE,trainable_unguided,BCE,cross-entropy,False,False,20221116T114349_rossnowlagh,unseen,rossnowlagh,0.26939655172413796,0.2693602693602694,0.02852151849778628,-0.025774456893566243,0.24531297683715825,0.03371039855239381,0.89700847864151
trainable_unguided_BCE,trainable_unguided,BCE,cross-entropy,False,False,20221204T115451_rossnowlagh,unseen,rossnowlagh,0.2755480829688616,0.28481012658227844,0.0254833255159388,-0.024914081130176405,0.1843494259648853,0.031831045008773186,0.8872831463813782
trainable_unguided_BCE,trainable_unguided,BCE,cross-entropy,False,False,20221211T114501_rossnowlagh,unseen,rossnowlagh,0.26094296598236955,0.23492063492063495,0.028187789913706466,-0.025700087701335774,0.2671203144959042,0.03417166007661792,0.900648295879364
trainable_unguided_BCE,trainable_unguided,BCE,cross-entropy,False,False,20240211T113311_portrane,seen,portrane,0.38004942935468405,0.28272251308900526,0.0203697542839505,-0.01755693323771021,0.25887783288955685,0.0281019327474673,0.9082618951797485
trainable_unguided_BCE,trainable_unguided,BCE,cross-entropy,False,False,20240623T114351_tramore,seen,tramore,0.7130514705882354,0.5911016949152541,0.004842810400158274,-0.0033480769287245102,0.14717770153529025,0.022279021793581894,0.9310336112976074
trainable_unguided_DICE,trainable_unguided,DICE,dice,False,False,20171129T113419_bull_island,seen,bull_island,0.6620260515528869,0.3890234059725585,0.04501663437915854,0.014659108333267688,0.6486816356579462,0.045478133550895895,1.0
trainable_unguided_DICE,trainable_unguided,DICE,dice,False,False,20171129T113419_portmarnock,seen,portmarnock,0.5884019993498492,0.485981308411215,0.03439071201376552,0.019371569584582853,0.9033063650131226,0.03464082497694625,1.0
trainable_unguided_DICE,trainable_unguided,DICE,dice,False,False,20190207T113321_portmarnock,seen,portmarnock,0.6290144912627268,0.5169712793733682,0.03344155350566009,0.026583238372460252,0.8370090126991272,0.034108851339101506,1.0
trainable_unguided_DICE,trainable_unguided,DICE,dice,False,False,20190627T113321_bull_island,seen,bull_island,0.6730791182507139,0.5420420420420421,0.02942690239630044,0.02038725530606507,0.618330146585192,0.029056681011854407,1.0
trainable_unguided_DICE,trainable_unguided,DICE,dice,False,False,20190707T113321_portrane,seen,portrane,0.7392121837054477,0.5394605394605395,0.03288212648324207,0.017877471388377184,0.5938289165496826,0.03263700540332999,1.0
trainable_unguided_DICE,trainable_unguided,DICE,dice,False,False,20201002T114401_portrane,seen,portrane,0.7890680510439728,0.514721919302072,0.036117399369702104,0.015033047647220433,0.7049514651298523,0.03760930992695664,1.0
trainable_unguided_DICE,trainable_unguided,DICE,dice,False,False,20220319T115401_rossnowlagh,unseen,rossnowlagh,0.44028648883226396,0.2817391304347826,0.0361965438579062,-0.012344457542574728,0.9058318734169006,0.03736821682934129,1.0
trainable_unguided_DICE,trainable_unguided,DICE,dice,False,False,20220323T113321_portrane,seen,portrane,0.7323440092272111,0.5005045408678103,0.03707920790686532,0.017551786453459,0.6995239853858948,0.03758806088438822,1.0
trainable_unguided_DICE,trainable_unguided,DICE,dice,False,False,20220326T114351_rossnowlagh,unseen,rossnowlagh,0.4409833094037444,0.2888583218707015,0.043883659492947986,0.0010397756620752832,0.658412903547287,0.04391113661379639,1.0
trainable_unguided_DICE,trainable_unguided,DICE,dice,False,False,20220408T115401_rossnowlagh,unseen,rossnowlagh,0.4198577324687068,0.2509960159362549,0.03737996010606929,-0.021520535027563754,0.8867478966712952,0.03856114360297346,1.0
trainable_unguided_DICE,trainable_unguided,DICE,dice,False,False,20220523T115359_rossnowlagh,unseen,rossnowlagh,0.5380956864307102,0.22178988326848248,0.04869710816009849,-0.010428671672055367,0.7461010962724686,0.048389856549295465,1.0
trainable_unguided_DICE,trainable_unguided,DICE,dice,False,False,20220604T114401_rossnowlagh,unseen,rossnowlagh,0.7194111969344956,0.40347071583514094,0.03654237104371171,-0.00987396321088415,0.896196166674296,0.03721619613514801,1.0
trainable_unguided_DICE,trainable_unguided,DICE,dice,False,False,20220607T115411_rossnowlagh,unseen,rossnowlagh,0.42439240496713554,0.3086614173228347,0.035885863049274755,-0.007773851571632845,0.8227557937304179,0.03729538429722345,1.0
trainable_unguided_DICE,trainable_unguided,DICE,dice,False,False,20220722T115409_rossnowlagh,unseen,rossnowlagh,0.5106167116799948,0.358974358974359,0.03362550851050147,-0.008211760577285579,0.9227585792541504,0.035982757486823544,1.0
trainable_unguided_DICE,trainable_unguided,DICE,dice,False,False,20220811T115409_rossnowlagh,unseen,rossnowlagh,0.6596506938179305,0.4078947368421052,0.03192537153320181,-0.01566238901339339,0.6934045553207397,0.03430231891603162,1.0
trainable_unguided_DICE,trainable_unguided,DICE,dice,False,False,20220813T114401_rossnowlagh,unseen,rossnowlagh,0.6053044432173161,0.3632478632478633,0.03275313645800821,-0.015800380380762327,0.723562479019165,0.03453750230173711,1.0
trainable_unguided_DICE,trainable_unguided,DICE,dice,False,False,20220905T115411_rossnowlagh,unseen,rossnowlagh,0.4482056163881451,0.27767354596622895,0.03646691668327355,-0.013905418120368615,0.8995136866966883,0.037307041204692186,1.0
trainable_unguided_DICE,trainable_unguided,DICE,dice,False,False,20220910T115359_rossnowlagh,unseen,rossnowlagh,0.40673130055985884,0.23873873873873877,0.03892482948137846,-0.023199889468969025,0.9170795381069183,0.03897238653452782,1.0
trainable_unguided_DICE,trainable_unguided,DICE,dice,False,False,20220922T114401_rossnowlagh,unseen,rossnowlagh,0.46216819603655207,0.21008403361344535,0.043592718755119796,-0.01933416443401329,0.905316174030304,0.04401847267546454,1.0
trainable_unguided_DICE,trainable_unguided,DICE,dice,False,False,20221007T114349_rossnowlagh,unseen,rossnowlagh,0.0,0.0,0.041273794698452236,-0.041273794698452236,0.041273794698452236,0.041273794698452236,2.9467509161940075e-13
trainable_unguided_DICE,trainable_unguided,DICE,dice,False,False,20221116T114349_rossnowlagh,unseen,rossnowlagh,0.4529447757263899,0.30508474576271183,0.04109445883195391,-0.02156103476552554,0.8536598980426788,0.04066916001976444,1.0
trainable_unguided_DICE,trainable_unguided,DICE,dice,False,False,20221204T115451_rossnowlagh,unseen,rossnowlagh,0.528996260539701,0.33882352941176475,0.03492516374033409,-0.01773853543997216,0.569419781366984,0.03579724599879,1.0
trainable_unguided_DICE,trainable_unguided,DICE,dice,False,False,20221211T114501_rossnowlagh,unseen,rossnowlagh,0.5071953253671699,0.2593516209476309,0.043192453631312674,-0.019509247353820067,0.8994750678539276,0.04388136395408977,1.0
trainable_unguided_DICE,trainable_unguided,DICE,dice,False,False,20240211T113311_portrane,seen,portrane,0.5392667690230404,0.3524416135881104,0.035641470088234845,-0.000899737299730103,0.5444183945655823,0.037193101129308945,1.0
trainable_unguided_DICE,trainable_unguided,DICE,dice,False,False,20240623T114351_tramore,seen,tramore,0.9467867074730262,0.6651234567901234,0.03168409474511231,0.015851040720092243,0.5637056231498718,0.03308415970958148,1.0
trainable_unguided_wBCE,trainable_unguided,wBCE,cross-entropy,True,False,20171129T113419_bull_island,seen,bull_island,0.5865511840628055,0.28089128966914245,0.11911234253417084,0.11911234253417084,0.818690137565136,0.10077349643367309,0.9990514516830444
trainable_unguided_wBCE,trainable_unguided,wBCE,cross-entropy,True,False,20171129T113419_portmarnock,seen,portmarnock,0.5365080812006753,0.28852459016393445,0.10938917060004275,0.10938917060004275,0.8446448674327449,0.09255235379354947,0.9994273781776428
trainable_unguided_wBCE,trainable_unguided,wBCE,cross-entropy,True,False,20190207T113321_portmarnock,seen,portmarnock,0.5050428199743845,0.25866588989222256,0.12543250869498057,0.12543250869498057,0.8410462959703193,0.10587329221483863,0.9990864992141724
trainable_unguided_wBCE,trainable_unguided,wBCE,cross-entropy,True,False,20190627T113321_bull_island,seen,bull_island,0.5819548780078558,0.288188430897125,0.10891601382818951,0.10891601382818951,0.8438645452260971,0.09077730949799531,0.9991748332977295
trainable_unguided_wBCE,trainable_unguided,wBCE,cross-entropy,True,False,20190707T113321_portrane,seen,portrane,0.5298387209508388,0.27777777777777773,0.11267681434841792,0.11267681434841792,0.8319845199584961,0.09034458320101879,0.9991803169250488
trainable_unguided_wBCE,trainable_unguided,wBCE,cross-entropy,True,False,20201002T114401_portrane,seen,portrane,0.6353619615506325,0.329606222654351,0.10348902262521914,0.10348902262521914,0.7493730229391179,0.08487681501220984,0.9993979930877686
trainable_unguided_wBCE,trainable_unguided,wBCE,cross-entropy,True,False,20220319T115401_rossnowlagh,unseen,rossnowlagh,0.37776189696849505,0.21379738968303294,0.08190339704506369,0.06547454074849834,0.6502867984771729,0.068750580125458,0.9970209002494812
trainable_unguided_wBCE,trainable_unguided,wBCE,cross-entropy,True,False,20220323T113321_portrane,seen,portrane,0.6605147478974207,0.31540229885057475,0.12279174482391246,0.12279174482391246,0.7939863042766545,0.09772117410519955,0.9992596507072449
trainable_unguided_wBCE,trainable_unguided,wBCE,cross-entropy,True,False,20220326T114351_rossnowlagh,unseen,rossnowlagh,0.34178307837324823,0.17220402433317733,0.09909072116717768,0.09800440485513251,0.8253880356429915,0.08896738050574116,0.9982729554176331
trainable_unguided_wBCE,trainable_unguided,wBCE,cross-entropy,True,False,20220408T115401_rossnowlagh,unseen,rossnowlagh,0.42923915229825615,0.23570190641247835,0.06587315085695326,0.04109783111267821,0.6777288622634356,0.05857259805344883,0.9977667927742004
trainable_unguided_wBCE,trainable_unguided,wBCE,cross-entropy,True,False,20220523T115359_rossnowlagh,unseen,rossnowlagh,0.5226912021782465,0.24070021881838075,0.06052345838904116,0.037976165355753266,0.8417136750969232,0.06256814089436494,0.9991724491119385
trainable_unguided_wBCE,trainable_unguided,wBCE,cross-entropy,True,False,20220604T114401_rossnowlagh,unseen,rossnowlagh,0.5828709657129331,0.3064516129032258,0.06347560097020168,0.032729883746318585,0.640437755944594,0.05815689832939327,0.9993249773979187
trainable_unguided_wBCE,trainable_unguided,wBCE,cross-entropy,True,False,20220607T115411_rossnowlagh,unseen,rossnowlagh,0.4239401557683824,0.253766851704996,0.06467855921078691,0.045477925366474756,0.6716708009307449,0.05929304565098113,0.9991121292114258
trainable_unguided_wBCE,trainable_unguided,wBCE,cross-entropy,True,False,20220722T115409_rossnowlagh,unseen,rossnowlagh,0.38051026321671794,0.22745098039215686,0.05064107968977259,0.020556720644519223,0.8680407404899597,0.05048250795090668,0.9993999600410461
trainable_unguided_wBCE,trainable_unguided,wBCE,cross-entropy,True,False,20220811T115409_rossnowlagh,unseen,rossnowlagh,0.4311518200325359,0.25551684088269455,0.045080375120493656,0.014307013033694657,0.7138212358250338,0.04609149819048303,0.9991331696510315
trainable_unguided_wBCE,trainable_unguided,wBCE,cross-entropy,True,False,20220813T114401_rossnowlagh,unseen,rossnowlagh,0.4208937929076199,0.24277456647398846,0.0458690308051187,0.01468432171360122,0.7693872608636555,0.04717937311991802,0.999346137046814
trainable_unguided_wBCE,trainable_unguided,wBCE,cross-entropy,True,False,20220905T115411_rossnowlagh,unseen,rossnowlagh,0.3882707746850779,0.24065633546034637,0.046826228921459184,0.028372677146921932,0.8158645927906036,0.04785758715115868,0.9991233944892883
trainable_unguided_wBCE,trainable_unguided,wBCE,cross-entropy,True,False,20220910T115359_rossnowlagh,unseen,rossnowlagh,0.4139279602391843,0.22766217870257038,0.046424175565175085,0.009926473527247574,0.7637565732002258,0.04629127889096886,0.9988315105438232
trainable_unguided_wBCE,trainable_unguided,wBCE,cross-entropy,True,False,20220922T114401_rossnowlagh,unseen,rossnowlagh,0.360166926754576,0.175152749490835,0.054993277338667365,0.018128530442698715,0.8399688005447388,0.05394283119347999,0.998752236366272
trainable_unguided_wBCE,trainable_unguided,wBCE,cross-entropy,True,False,20221007T114349_rossnowlagh,unseen,rossnowlagh,0.6640108529649632,0.23553719008264462,0.05164210627484051,-0.007887281195605162,0.6739616093285588,0.05054088070384444,0.9975785613059998
trainable_unguided_wBCE,trainable_unguided,wBCE,cross-entropy,True,False,20221116T114349_rossnowlagh,unseen,rossnowlagh,0.7759440702643656,0.3441466854724965,0.0547346102775645,0.03805109336206673,0.7899761186404661,0.05638105286297253,0.9988545179367065
trainable_unguided_wBCE,trainable_unguided,wBCE,cross-entropy,True,False,20221204T115451_rossnowlagh,unseen,rossnowlagh,0.6095361247633633,0.28066732090284596,0.08166365773592431,0.052762509075028594,0.8074654653304961,0.07076336267338171,0.9973493218421936
trainable_unguided_wBCE,trainable_unguided,wBCE,cross-entropy,True,False,20221211T114501_rossnowlagh,unseen,rossnowlagh,0.5379988742720725,0.2589371980676329,0.07419047466138726,0.042236928250437504,0.7727518722696125,0.06643469004432165,0.9965227842330933
trainable_unguided_wBCE,trainable_unguided,wBCE,cross-entropy,True,False,20240211T113311_portrane,seen,portrane,0.3826818199651767,0.2011904761904762,0.04956585846655204,0.032367942365226714,0.6473577410455734,0.050159995506806436,0.998917818069458
trainable_unguided_wBCE,trainable_unguided,wBCE,cross-entropy,True,False,20240623T114351_tramore,seen,tramore,0.839599038718082,0.43187250996015925,0.1138102994091936,0.1138102994091936,0.7708144068717957,0.09305016024519942,0.9988806247711182
