config,loss,fom_seen,fom_unseen,ece_seen,ece_unseen,sce_seen,sce_unseen
frozen_guided,BCE,0.5008881616239729,0.3430614006087457,0.007836346307426918,0.013023722615316521,-0.0018538709593831483,-0.010074789179957553
frozen_guided,DICE,0.9355035567455092,0.8840691287614604,0.036449032808331956,0.03754856678732962,0.00914583250045103,0.0023661583041719044
frozen_guided,wBCE,0.8066256040306452,0.7970090037175928,0.17917262161032593,0.1799608923525966,0.17917262161032593,0.1799608923525966
frozen_unguided,BCE,0.5200992533964535,0.10055206901383809,0.012547832434831822,0.026202467983169938,-0.003927347751758054,-0.025475981695017066
frozen_unguided,DICE,0.5698617172278596,0.3271116440459959,0.04240139082006494,0.038750255473820557,0.012804837067628165,-0.020380626357420994
frozen_unguided,wBCE,0.19689034240413975,0.22255480376279357,0.2051614869710554,0.1524291147318127,0.2051614869710554,0.15011929550094502
trainable_guided,BCE,0.8575315983026324,0.683167822983143,0.0058698063771844226,0.012392945464025222,0.0017772998782346785,-0.004461467444689014
trainable_guided,DICE,0.9478420853897236,0.9275605538510004,0.03462864068488355,0.03559234527467553,0.018497651878076674,0.007298803871499022
trainable_guided,wBCE,0.8901586480916328,0.9009512194076577,0.11228690194399052,0.08717604720233267,0.11228690194399052,0.0861401025702481
trainable_unguided,BCE,0.6772753855038302,0.21431990521877325,0.007306788812355128,0.029188934590560357,-0.001315298244092638,-0.026767408225088902
trainable_unguided,DICE,0.6999110423209861,0.4728025088981322,0.035075566765337914,0.03852249112709654,0.01626830894508829,-0.016068644850949863
trainable_unguided,wBCE,0.5842281391475413,0.4787936194625024,0.10724264170340875,0.06172561900185172,0.10533176213659484,0.03449373357409167
