model,config,loss,split,n_scenes,fom_at_05,fom_best,best_threshold,recovered,window_frac,window_lo,window_hi
frozen_guided_BCE,frozen_guided,BCE,seen,9,0.500888161623973,0.9457711611891266,0.3,0.44488299956515365,0.1836734693877551,0.18,0.34
frozen_guided_BCE,frozen_guided,BCE,unseen,16,0.3430614006087456,0.9361592620175319,0.18,0.5930978614087863,0.12244897959183673,0.1,0.2
frozen_guided_DICE,frozen_guided,DICE,seen,9,0.9355035567455092,0.9435022174986489,0.04,0.007998660753139708,0.8163265306122449,0.02,0.8
frozen_guided_DICE,frozen_guided,DICE,unseen,16,0.8840691287614605,0.8997268175220798,0.02,0.015657688760619348,0.5102040816326531,0.02,0.5
frozen_guided_wBCE,frozen_guided,wBCE,seen,9,0.8066256040306452,0.9241563779700521,0.98,0.11753077393940692,0.04081632653061224,0.96,0.98
frozen_guided_wBCE,frozen_guided,wBCE,unseen,16,0.7970090037175926,0.9073030749354242,0.96,0.11029407121783152,0.04081632653061224,0.94,0.96
frozen_unguided_BCE,frozen_unguided,BCE,seen,9,0.5200992533964534,0.667073461830689,0.32,0.1469742084342357,0.14285714285714285,0.28,0.4
frozen_unguided_BCE,frozen_unguided,BCE,unseen,16,0.1005520690138381,0.4269228391777714,0.1,0.3263707701639333,0.08163265306122448,0.06,0.12
frozen_unguided_DICE,frozen_unguided,DICE,seen,9,0.5698617172278597,0.5871873753769329,0.98,0.017325658149073164,0.5102040816326531,0.5,0.98
frozen_unguided_DICE,frozen_unguided,DICE,unseen,16,0.3271116440459959,0.34073030202105414,0.02,0.013618657975058235,0.5102040816326531,0.02,0.5
frozen_unguided_wBCE,frozen_unguided,wBCE,seen,9,0.1968903424041397,0.564447382043492,0.98,0.36755703963935227,0.02040816326530612,0.98,0.98
frozen_unguided_wBCE,frozen_unguided,wBCE,unseen,16,0.22255480376279357,0.40397037632599414,0.96,0.18141557256320057,0.061224489795918366,0.92,0.96
trainable_guided_BCE,trainable_guided,BCE,seen,9,0.8575315983026325,0.9568580115941653,0.42,0.0993264132915328,0.30612244897959184,0.16,0.44
trainable_guided_BCE,trainable_guided,BCE,unseen,16,0.6831678229831432,0.9438208053361916,0.24,0.26065298235304846,0.2857142857142857,0.08,0.34
trainable_guided_DICE,trainable_guided,DICE,seen,9,0.9478420853897236,0.9517104279698637,0.98,0.0038683425801401272,1.0,0.02,0.98
trainable_guided_DICE,trainable_guided,DICE,unseen,16,0.9275605538510006,0.9401936256070251,0.02,0.012633071756024572,0.5510204081632653,0.02,0.54
trainable_guided_wBCE,trainable_guided,wBCE,seen,9,0.890158648091633,0.9402760193479496,0.98,0.050117371256316545,0.08163265306122448,0.92,0.98
trainable_guided_wBCE,trainable_guided,wBCE,unseen,16,0.9009512194076574,0.936375460731387,0.96,0.035424241323729566,0.20408163265306123,0.8,0.98
trainable_unguided_BCE,trainable_unguided,BCE,seen,9,0.6772753855038302,0.7337476519170503,0.38,0.05647226641322012,0.24489795918367346,0.22,0.44
trainable_unguided_BCE,trainable_unguided,BCE,unseen,16,0.21431990521877328,0.5003122396709953,0.06,0.28599233445222194,0.1836734693877551,0.02,0.18
trainable_unguided_DICE,trainable_unguided,DICE,seen,9,0.6999110423209861,0.7048171769974927,0.72,0.004906134676506579,1.0,0.02,0.98
trainable_unguided_DICE,trainable_unguided,DICE,unseen,16,0.4728025088981322,0.4802517313989979,0.06,0.007449222500865715,0.5102040816326531,0.02,0.5
trainable_unguided_wBCE,trainable_unguided,wBCE,seen,9,0.5842281391475413,0.6790948944591845,0.98,0.09486675531164313,0.04081632653061224,0.96,0.98
trainable_unguided_wBCE,trainable_unguided,wBCE,unseen,16,0.4787936194625024,0.5394917070690348,0.96,0.06069808760653245,0.12244897959183673,0.86,0.96
