model,config,loss,calibrator,fit_on,eval_on,params,ece,sce,mce,brier,nll
frozen_guided_BCE,frozen_guided,BCE,none,seen,seen,{},0.00288643598875712,-0.0019716000305784152,0.1519116312265396,0.02367966269402987,0.07464437502964198
frozen_guided_BCE,frozen_guided,BCE,none,seen,unseen,{},0.010677550248728622,-0.010077061760884139,0.11103645826574246,0.026458505834931152,0.08828540529506813
frozen_guided_BCE,frozen_guided,BCE,temperature,seen,seen,{'T': 0.9808},0.0030293386695976836,-0.002422476782222641,0.11621241397043114,0.02368534561255924,0.07463235852731179
frozen_guided_BCE,frozen_guided,BCE,temperature,seen,unseen,{'T': 0.9808},0.011180610267434513,-0.010553484681521785,0.1132044384459659,0.02652200846272159,0.08873881265943355
frozen_guided_BCE,frozen_guided,BCE,temperature,unseen,unseen,{'T': 1.2679},0.005515605469814185,-0.003071913373696031,0.07096422245316886,0.025953211056760347,0.08560735709226266
frozen_guided_BCE,frozen_guided,BCE,platt,seen,seen,"{'a': 1.0811, 'b': 0.1621}",0.0011908036757765153,5.288087676522195e-07,0.06032864376048663,0.02360239271318662,0.07443670116809158
frozen_guided_BCE,frozen_guided,BCE,platt,seen,unseen,"{'a': 1.0811, 'b': 0.1621}",0.010211321772554051,-0.00884520368046508,0.10178904076496095,0.02635142717808519,0.08861830855777823
frozen_guided_BCE,frozen_guided,BCE,platt,unseen,unseen,"{'a': 0.8579, 'b': 0.2373}",0.003219218786604165,7.944918495446398e-07,0.2014895366647511,0.02578837255640303,0.0852445843667919
frozen_guided_DICE,frozen_guided,DICE,none,seen,seen,{},0.03637240582709996,0.009430090808723948,0.48014632348091374,0.036988173927462134,0.46022361249471133
frozen_guided_DICE,frozen_guided,DICE,none,seen,unseen,{},0.0370754218644925,0.002361547786990943,0.4661599697161958,0.037744208197115756,0.47743889831293096
frozen_guided_DICE,frozen_guided,DICE,temperature,seen,seen,{'T': 4.0834},0.040064259275424965,0.03888315830694555,0.5171074546447829,0.03484198774456877,0.15120568109370305
frozen_guided_DICE,frozen_guided,DICE,temperature,seen,unseen,{'T': 4.0834},0.03315934948902366,0.03236876958767869,0.5356805981445157,0.03566327611935465,0.1547677267458557
frozen_guided_DICE,frozen_guided,DICE,temperature,unseen,unseen,{'T': 4.1322},0.03436930774182552,0.033548174459780644,0.5385044475375251,0.03565433634645863,0.15474201894046066
frozen_guided_DICE,frozen_guided,DICE,platt,seen,seen,"{'a': 0.165, 'b': -1.9257}",0.004824215609181497,-2.6595431483738413e-07,0.2664811632767745,0.02693554142466579,0.10738552985098625
frozen_guided_DICE,frozen_guided,DICE,platt,seen,unseen,"{'a': 0.165, 'b': -1.9257}",0.006921984704707744,-0.0036696925313138224,0.2928540318639672,0.028980232948083003,0.11897232596158235
frozen_guided_DICE,frozen_guided,DICE,platt,unseen,unseen,"{'a': 0.1557, 'b': -1.8162}",0.004916382306097751,4.5761472181439847e-07,0.25615243738118854,0.028895144511819994,0.11850546419024519
frozen_guided_wBCE,frozen_guided,wBCE,none,seen,seen,{},0.1790319332300963,0.1790319332300963,0.8311933685168402,0.13946390058948313,0.5085543509233134
frozen_guided_wBCE,frozen_guided,wBCE,none,seen,unseen,{},0.1799721433266899,0.1799721433266899,0.8071239594768299,0.14124316269449808,0.4949068845796108
frozen_guided_wBCE,frozen_guided,wBCE,temperature,seen,seen,{'T': 2.6793},0.20929008198721752,0.20929008198721752,0.6238767694045925,0.11493672091438725,0.34581948083485875
frozen_guided_wBCE,frozen_guided,wBCE,temperature,seen,unseen,{'T': 2.6793},0.20965455594639887,0.20965455594639887,0.5990837573168414,0.11587789983839034,0.3469434578091466
frozen_guided_wBCE,frozen_guided,wBCE,temperature,unseen,unseen,{'T': 2.6164},0.20818527184216812,0.20818527184216812,0.6059492595754705,0.1161106718717834,0.3468724303490949
frozen_guided_wBCE,frozen_guided,wBCE,platt,seen,seen,"{'a': 0.8563, 'b': -4.5019}",0.004990006730120122,2.524573576822765e-07,0.22649348284751536,0.02699112011078911,0.08463816519439428
frozen_guided_wBCE,frozen_guided,wBCE,platt,seen,unseen,"{'a': 0.8563, 'b': -4.5019}",0.009086324122793064,-0.00636813023100711,0.8768631555431396,0.02940779313150539,0.09977201241518105
frozen_guided_wBCE,frozen_guided,wBCE,platt,unseen,unseen,"{'a': 0.6798, 'b': -3.6451}",0.0036476637217565497,-4.211623798300833e-09,0.815628950018391,0.02912773323351465,0.09756297845683351
frozen_unguided_BCE,frozen_unguided,BCE,none,seen,seen,{},0.006856969740053584,-0.003630101718969767,0.11833599791724303,0.02667959381721134,0.08679896600411117
frozen_unguided_BCE,frozen_unguided,BCE,none,seen,unseen,{},0.025484137799918323,-0.02547836008277063,0.20135564394535557,0.032887811032737184,0.15950074847289256
frozen_unguided_BCE,frozen_unguided,BCE,temperature,seen,seen,{'T': 1.212},0.0021820037068838107,0.0011601384193692917,0.11414290436635388,0.026449557973136948,0.08522493895628122
frozen_unguided_BCE,frozen_unguided,BCE,temperature,seen,unseen,{'T': 1.212},0.021168655627743848,-0.021168655627743848,0.18438958583221332,0.03202785182287388,0.13968869969403602
frozen_unguided_BCE,frozen_unguided,BCE,temperature,unseen,unseen,{'T': 1.9957},0.004175262266942725,-0.00011829602350045852,0.3162933990969572,0.030901995185347746,0.11755933596572034
frozen_unguided_BCE,frozen_unguided,BCE,platt,seen,seen,"{'a': 0.8062, 'b': -0.0703}",0.002091166690482304,-8.49761724469282e-07,0.1265291180571877,0.026414371674885043,0.08518413788689697
frozen_unguided_BCE,frozen_unguided,BCE,platt,seen,unseen,"{'a': 0.8062, 'b': -0.0703}",0.021603576851804304,-0.021603576851804304,0.24476491720077465,0.03214189504417789,0.13920656005163137
frozen_unguided_BCE,frozen_unguided,BCE,platt,unseen,unseen,"{'a': 0.5029, 'b': 0.0109}",0.00407616131851163,4.967561212031554e-07,0.3155283997101974,0.030893625588069032,0.11755868719309306
frozen_unguided_DICE,frozen_unguided,DICE,none,seen,seen,{},0.042125418022215116,0.013379977376552245,0.6679499174157779,0.043237840889568314,0.5328632132844887
frozen_unguided_DICE,frozen_unguided,DICE,none,seen,unseen,{},0.038337127827118817,-0.02038132738514088,0.4909274290347922,0.03901066442475334,0.4968164143615409
frozen_unguided_DICE,frozen_unguided,DICE,temperature,seen,seen,{'T': 4.2759},0.04814525338245011,0.04721727801682818,0.5161133953443344,0.04040303288968963,0.17003432756045253
frozen_unguided_DICE,frozen_unguided,DICE,temperature,seen,unseen,{'T': 4.2759},0.018458049659914866,0.016079409430825455,0.4513222984016629,0.03664400420137244,0.15857536636271635
frozen_unguided_DICE,frozen_unguided,DICE,temperature,unseen,unseen,{'T': 4.1871},0.016081774495386746,0.013750449241386433,0.4444860111472813,0.03665328603031362,0.15849333474208108
frozen_unguided_DICE,frozen_unguided,DICE,platt,seen,seen,"{'a': 0.1526, 'b': -2.0021}",0.006147568451945522,-2.5271849741527463e-07,0.2445276135370228,0.02930595071130899,0.11569490680219714
frozen_unguided_DICE,frozen_unguided,DICE,platt,seen,unseen,"{'a': 0.1526, 'b': -2.0021}",0.016033290046137287,-0.01598881561407701,0.3605236161153663,0.03479437151807556,0.15183861022657644
frozen_unguided_DICE,frozen_unguided,DICE,platt,unseen,unseen,"{'a': 0.1464, 'b': -1.4551}",0.005058729357026665,3.8369098630166437e-07,0.40044225813388235,0.03433639214610416,0.14652452117151918
frozen_unguided_wBCE,frozen_unguided,wBCE,none,seen,seen,{},0.20537589863674588,0.20537589863674588,0.825329824257459,0.15203592890827605,0.563902421941739
frozen_unguided_wBCE,frozen_unguided,wBCE,none,seen,unseen,{},0.15012014795710693,0.15012014795710693,0.7353525297516843,0.11411165668445736,0.4044332617853095
frozen_unguided_wBCE,frozen_unguided,wBCE,temperature,seen,seen,{'T': 2.5862},0.25218906358195103,0.25218906358195103,0.6263942964328967,0.13414645022945224,0.40853023189616344
frozen_unguided_wBCE,frozen_unguided,wBCE,temperature,seen,unseen,{'T': 2.5862},0.20802475048603436,0.20802475048603436,0.5459465183163632,0.10816412293450663,0.34093243701781734
frozen_unguided_wBCE,frozen_unguided,wBCE,temperature,unseen,unseen,{'T': 2.0183},0.18817789400355775,0.18817789400355775,0.5976680805820906,0.10670374178526017,0.3343074019942499
frozen_unguided_wBCE,frozen_unguided,wBCE,platt,seen,seen,"{'a': 0.7524, 'b': -4.2579}",0.005088188425514729,-5.241774544057743e-07,0.2986168359721002,0.02806654518823816,0.09044350672509331
frozen_unguided_wBCE,frozen_unguided,wBCE,platt,seen,unseen,"{'a': 0.7524, 'b': -4.2579}",0.01867274678467785,-0.018324345469820195,0.16718663772525932,0.03256733615736676,0.13723648356859933
frozen_unguided_wBCE,frozen_unguided,wBCE,platt,unseen,unseen,"{'a': 0.4672, 'b': -2.7618}",0.003350562507443177,3.3173248963960744e-07,0.3064933132681972,0.03173357235514932,0.12000585165888489
trainable_guided_BCE,trainable_guided,BCE,none,seen,seen,{},0.002246840257636649,0.0017069923567772413,0.08387663670174494,0.02079270639661439,0.06428573654405556
trainable_guided_BCE,trainable_guided,BCE,none,seen,unseen,{},0.008655840353376968,-0.0044638265495800505,0.25500482473617947,0.024326983518317597,0.09333098281371122
trainable_guided_BCE,trainable_guided,BCE,temperature,seen,seen,{'T': 1.0609},0.0023155953895791187,0.002303291688450639,0.07403651150539103,0.02079115593901448,0.06422220854165009
trainable_guided_BCE,trainable_guided,BCE,temperature,seen,unseen,{'T': 1.0609},0.007733753339852301,-0.0038383416493598978,0.20696927359854123,0.024235524413365305,0.09120251196929831
trainable_guided_BCE,trainable_guided,BCE,temperature,unseen,unseen,{'T': 1.8455},0.0073157653644543835,0.004451078917385389,0.12261168366152442,0.02439166047269354,0.08191167297483595
trainable_guided_BCE,trainable_guided,BCE,platt,seen,seen,"{'a': 0.9093, 'b': -0.1265}",0.001965323158798821,5.552242859011542e-07,0.049509094677950616,0.020748024695407433,0.06407595645100958
trainable_guided_BCE,trainable_guided,BCE,platt,seen,unseen,"{'a': 0.9093, 'b': -0.1265}",0.007950310049902907,-0.005813582298772452,0.08318219347179945,0.024218196879054705,0.09061309810469839
trainable_guided_BCE,trainable_guided,BCE,platt,unseen,unseen,"{'a': 0.5051, 'b': -0.2268}",0.007564426677612942,8.317011711467518e-07,0.17845658368201012,0.024307495609657174,0.08140639786999941
trainable_guided_DICE,trainable_guided,DICE,none,seen,seen,{},0.034239953786254856,0.018314955860134194,0.53160451735769,0.03505251343579049,0.4026279033746631
trainable_guided_DICE,trainable_guided,DICE,none,seen,unseen,{},0.03507353848995132,0.007293799949863804,0.46157171182772694,0.035879161495145875,0.4184314587124425
trainable_guided_DICE,trainable_guided,DICE,temperature,seen,seen,{'T': 3.905},0.043528626617087576,0.04291061224143966,0.4716545899727698,0.032611847600466606,0.14007747950317925
trainable_guided_DICE,trainable_guided,DICE,temperature,seen,unseen,{'T': 3.905},0.03505295924904157,0.03270979950627535,0.4419569617074015,0.033276817641783196,0.14295908685990408
trainable_guided_DICE,trainable_guided,DICE,temperature,unseen,unseen,{'T': 3.9538},0.03623501677880673,0.03381638904631188,0.4512289056501676,0.03325977590731059,0.14293238361211194
trainable_guided_DICE,trainable_guided,DICE,platt,seen,seen,"{'a': 0.1867, 'b': -2.0619}",0.007184156430416398,8.144512700742831e-07,0.24716589202651312,0.024258290014965045,0.09033211097742279
trainable_guided_DICE,trainable_guided,DICE,platt,seen,unseen,"{'a': 0.1867, 'b': -2.0619}",0.009905929454869487,-0.005966087740156737,0.2573029651564981,0.0272767306406914,0.10846081570015671
trainable_guided_DICE,trainable_guided,DICE,platt,unseen,unseen,"{'a': 0.1712, 'b': -1.8184}",0.007082601755682141,-7.875977536477181e-07,0.25243004007852865,0.027065318503656306,0.10712377109742996
trainable_guided_wBCE,trainable_guided,wBCE,none,seen,seen,{},0.11250889950506028,0.11250889950506028,0.8319966197013855,0.09526259999363519,0.3754419406669292
trainable_guided_wBCE,trainable_guided,wBCE,none,seen,unseen,{},0.08618539901806369,0.08613989622498539,0.7633721108330227,0.07579297720041168,0.2898171460498447
trainable_guided_wBCE,trainable_guided,wBCE,temperature,seen,seen,{'T': 3.2301},0.11576153932224485,0.11576153932224485,0.5926530469517942,0.07027267950365584,0.20641451712390896
trainable_guided_wBCE,trainable_guided,wBCE,temperature,seen,unseen,{'T': 3.2301},0.09192092698217307,0.09192092698217307,0.5247426731113818,0.05702196078745554,0.1720272150947698
trainable_guided_wBCE,trainable_guided,wBCE,temperature,unseen,unseen,{'T': 2.9655},0.08876321490762053,0.08876321490762053,0.6278639430576141,0.057843958514163636,0.17123068546483874
trainable_guided_wBCE,trainable_guided,wBCE,platt,seen,seen,"{'a': 0.8162, 'b': -4.3616}",0.0035830964828404786,9.431514843069718e-08,0.20336779569115426,0.02354936917210793,0.07124184847014509
trainable_guided_wBCE,trainable_guided,wBCE,platt,seen,unseen,"{'a': 0.8162, 'b': -4.3616}",0.014756624524871358,-0.012169742532606928,0.45660549748632234,0.026990789419240203,0.09189503108816903
trainable_guided_wBCE,trainable_guided,wBCE,platt,unseen,unseen,"{'a': 0.4786, 'b': -2.5245}",0.005180286936585744,-4.966496228597675e-07,0.4799151872469463,0.025729851688592823,0.08238876394108699
trainable_unguided_BCE,trainable_unguided,BCE,none,seen,seen,{},0.0034194925989577464,-0.001143070703186455,0.0655250909106101,0.02196909810159621,0.07414114114661909
trainable_unguided_BCE,trainable_unguided,BCE,none,seen,unseen,{},0.028019622362005794,-0.026766372487520944,0.9436290562152863,0.033380749036599905,0.2739284325907106
trainable_unguided_BCE,trainable_unguided,BCE,temperature,seen,seen,{'T': 1.3338},0.003958965082195855,0.0026003178409116615,0.0837404857682672,0.022073299754704474,0.07231162711835058
trainable_unguided_BCE,trainable_unguided,BCE,temperature,seen,unseen,{'T': 1.3338},0.025036909037605123,-0.02428794378332884,0.3815714214083148,0.0325400749710812,0.21265979727844486
trainable_unguided_BCE,trainable_unguided,BCE,temperature,unseen,unseen,{'T': 3.3052},0.005318944140977934,0.0015048067888980663,0.183674215641647,0.031469524177561554,0.12700820238647645
trainable_unguided_BCE,trainable_unguided,BCE,platt,seen,seen,"{'a': 0.7139, 'b': -0.1406}",0.003938993611821066,-5.263306037401083e-07,0.12920975443977434,0.022079907623677023,0.07212831748432717
trainable_unguided_BCE,trainable_unguided,BCE,platt,seen,unseen,"{'a': 0.7139, 'b': -0.1406}",0.025565803181623065,-0.025237558396739922,0.881881576082534,0.03267670400667579,0.2075243786804583
trainable_unguided_BCE,trainable_unguided,BCE,platt,unseen,unseen,"{'a': 0.292, 'b': -0.1251}",0.0055736362051419415,-9.324927458386763e-07,0.6802208947491138,0.03145726787513423,0.12691429772254248
trainable_unguided_DICE,trainable_unguided,DICE,none,seen,seen,{},0.03471650179573722,0.016512819853203006,0.5681475293305185,0.035660530815138654,0.40174692404698026
trainable_unguided_DICE,trainable_unguided,DICE,none,seen,unseen,{},0.03788033671459159,-0.016068749576790456,0.582608251802383,0.03934248972758708,0.48738911739397217
trainable_unguided_DICE,trainable_unguided,DICE,temperature,seen,seen,{'T': 3.8981},0.041989600233217586,0.04116517120482963,0.4997729760538154,0.03315760282941732,0.14110215552454555
trainable_unguided_DICE,trainable_unguided,DICE,temperature,seen,unseen,{'T': 3.8981},0.01224890012476836,0.010818245469929048,0.5234728284421531,0.037064991030126344,0.15943714601840167
trainable_unguided_DICE,trainable_unguided,DICE,temperature,unseen,unseen,{'T': 4.1584},0.018690783485430754,0.017214247270604194,0.4928050742625715,0.03697560026710301,0.158673047206695
trainable_unguided_DICE,trainable_unguided,DICE,platt,seen,seen,"{'a': 0.1831, 'b': -1.9854}",0.007524952267345824,1.7115744932764618e-07,0.22765361603764236,0.025076333530273182,0.09497945733953878
trainable_unguided_DICE,trainable_unguided,DICE,platt,seen,unseen,"{'a': 0.1831, 'b': -1.9854}",0.021385239785325735,-0.01757689412311834,0.34572286446297057,0.03479540238496332,0.15303480647098291
trainable_unguided_DICE,trainable_unguided,DICE,platt,unseen,unseen,"{'a': 0.1466, 'b': -1.514}",0.00725936224755623,-5.069191620476338e-07,0.29078758558476336,0.03407805126978063,0.14333152808788052
trainable_unguided_wBCE,trainable_unguided,wBCE,none,seen,seen,{},0.10635977827683032,0.10635977827683032,0.8047488261743919,0.09024994382658208,0.3380712415413527
trainable_unguided_wBCE,trainable_unguided,wBCE,none,seen,unseen,{},0.06154358394113225,0.034490609100091954,0.7165484322099814,0.058266391786288084,0.3072383907639754
trainable_unguided_wBCE,trainable_unguided,wBCE,temperature,seen,seen,{'T': 2.9737},0.11309384423414975,0.11309384423414975,0.5701989534111099,0.06960789259529056,0.20509658110732787
trainable_unguided_wBCE,trainable_unguided,wBCE,temperature,seen,unseen,{'T': 2.9737},0.04888855082220686,0.04877127961159351,0.4950429972957297,0.04899107660905242,0.1657638515389901
trainable_unguided_wBCE,trainable_unguided,wBCE,temperature,unseen,unseen,{'T': 3.1519},0.05180253917689412,0.05180253917689412,0.47678398944445366,0.04876853749123324,0.16535911979007106
trainable_unguided_wBCE,trainable_unguided,wBCE,platt,seen,seen,"{'a': 0.591, 'b': -3.092}",0.004951427049195406,4.1384353364332873e-07,0.05835743639967861,0.025298202724595743,0.082857863080961
trainable_unguided_wBCE,trainable_unguided,wBCE,platt,seen,unseen,"{'a': 0.591, 'b': -3.092}",0.02271511791792112,-0.022547738303466444,0.12738689241517298,0.033147456819280836,0.19515649910399424
trainable_unguided_wBCE,trainable_unguided,wBCE,platt,unseen,unseen,"{'a': 0.223, 'b': -1.5395}",0.008122038255452145,1.3364597683475279e-06,0.22602794331205045,0.03248850842937226,0.12659907252289404
