loss,split,radius,n_bins,strategy,ece,sce,mce
BCE,seen,5,10,uniform,0.005979626088311446,-0.002901821162190778,0.04229259680707165
BCE,seen,5,10,quantile,0.004831500172130739,-0.0029018211621907805,0.01588840273862488
BCE,seen,5,15,uniform,0.005932592887560204,-0.0029018211621907775,0.05507787746415749
BCE,seen,5,15,quantile,0.005757896625028628,-0.0029018211621907744,0.021419151138657
BCE,seen,5,20,uniform,0.0059909179485568,-0.0029018211621907757,0.06248312764717434
BCE,seen,5,20,quantile,0.005972137312026086,-0.0029018211621907753,0.030701133548452275
BCE,seen,5,30,uniform,0.005993664228758903,-0.0029018211621907783,0.0631646217832228
BCE,seen,5,30,quantile,0.005757896625028748,-0.0029018211621907775,0.036181189789088575
BCE,unseen,5,10,uniform,0.03613481030908326,-0.033454289119912224,0.11941507445963695
BCE,unseen,5,10,quantile,0.033454289119912224,-0.033454289119912224,0.08887417279486351
BCE,unseen,5,15,uniform,0.036134810309083255,-0.033454289119912224,0.28859625066198946
BCE,unseen,5,15,quantile,0.03345428911991222,-0.03345428911991222,0.11702783179215936
BCE,unseen,5,20,uniform,0.03613481030908327,-0.033454289119912224,0.26879491255833554
BCE,unseen,5,20,quantile,0.033566486381220714,-0.03345428911991223,0.11906429998348539
BCE,unseen,5,30,uniform,0.03616750009893706,-0.03345428911991223,0.3130736790205303
BCE,unseen,5,30,quantile,0.0355096378247758,-0.03345428911991222,0.12111044158170253
DICE,seen,5,10,uniform,0.0713572969144428,0.02779293913217697,0.4761016121898515
DICE,seen,5,10,quantile,0.06599694499689901,0.027792939132176953,0.46894425799419204
DICE,seen,5,15,uniform,0.07141871806595357,0.027792939132176973,0.5466908998963957
DICE,seen,5,15,quantile,0.06420000930106397,0.027792939132176953,0.34496501168249205
DICE,seen,5,20,uniform,0.07145730909629748,0.027792939132176963,0.5798129707096733
DICE,seen,5,20,quantile,0.06599694499689901,0.027792939132176956,0.46894425799419204
DICE,seen,5,30,uniform,0.07142900647241715,0.02779293913217697,0.592853307723999
DICE,seen,5,30,quantile,0.06599694499689901,0.02779293913217696,0.46894425799419204
DICE,unseen,5,10,uniform,0.07279412204549428,-0.013614509204409389,0.4612026801394541
DICE,unseen,5,10,quantile,0.055986298397575844,-0.013614509204409368,0.21185662129423566
DICE,unseen,5,15,uniform,0.07286200794184794,-0.013614509204409382,0.46302011257373027
DICE,unseen,5,15,quantile,0.0722496421558342,-0.013614509204409386,0.4264007505901013
DICE,unseen,5,20,uniform,0.0728946481183923,-0.013614509204409375,0.5593716082438616
DICE,unseen,5,20,quantile,0.05810942422852029,-0.013614509204409386,0.4445783999350207
DICE,unseen,5,30,uniform,0.07292404550539533,-0.013614509204409379,0.6056292242761971
DICE,unseen,5,30,quantile,0.0722496421558342,-0.013614509204409386,0.4264007505901013
wBCE,seen,5,10,uniform,0.27587428525391766,0.27587428525391766,0.8021698868788365
wBCE,seen,5,10,quantile,0.2760880828918109,0.27587428525391766,0.7930953086403514
wBCE,seen,5,15,uniform,0.27587428525391766,0.27587428525391766,0.8223266530328841
wBCE,seen,5,15,quantile,0.27613824078007193,0.2758742852539176,0.8183400568545933
wBCE,seen,5,20,uniform,0.27587428525391766,0.27587428525391766,0.8236733654618643
wBCE,seen,5,20,quantile,0.2760880828918109,0.2758742852539176,0.8242265671133983
wBCE,seen,5,30,uniform,0.2758742852539176,0.2758742852539176,0.8247793064163323
wBCE,seen,5,30,quantile,0.27613824078007193,0.2758742852539176,0.8267084155862338
wBCE,unseen,5,10,uniform,0.21407488156987275,0.20422914704100614,0.739376241430436
wBCE,unseen,5,10,quantile,0.2198135483516392,0.2042291470410062,0.7485902687804373
wBCE,unseen,5,15,uniform,0.2172210733743339,0.20422914704100617,0.7634974817970098
wBCE,unseen,5,15,quantile,0.21916547236071526,0.2042291470410062,0.7572543728931402
wBCE,unseen,5,20,uniform,0.21855968079828175,0.20422914704100617,0.7698185740415738
wBCE,unseen,5,20,quantile,0.2198135483516392,0.2042291470410062,0.7546744813945754
wBCE,unseen,5,30,uniform,0.21953721601615922,0.20422914704100617,0.774831194842299
wBCE,unseen,5,30,quantile,0.21981354835163916,0.20422914704100617,0.7706939165288038
BCE,seen,10,10,uniform,0.0028405227895346137,-0.00125944502398935,0.04229259680707165
BCE,seen,10,10,quantile,0.0012594450239893553,-0.0012594450239893549,0.009153266361130681
BCE,seen,10,15,uniform,0.0028163616910455215,-0.0012594450239893499,0.05507787746415749
BCE,seen,10,15,quantile,0.0019273717035264454,-0.0012594450239893505,0.014883379859522414
BCE,seen,10,20,uniform,0.0028463234525376714,-0.001259445023989349,0.06248312764717434
BCE,seen,10,20,quantile,0.0023179522850508326,-0.0012594450239893473,0.013875109444725982
BCE,seen,10,30,uniform,0.0028588775437327803,-0.0012594450239893494,0.0631646217832228
BCE,seen,10,30,quantile,0.0027182184942188786,-0.001259445023989348,0.021879993430307665
BCE,unseen,10,10,uniform,0.01805292005800859,-0.016696405220188944,0.11647642231404465
BCE,unseen,10,10,quantile,0.016696405220188944,-0.016696405220188944,0.07164751628843191
BCE,unseen,10,15,uniform,0.018052920058008588,-0.016696405220188944,0.28859625066198946
BCE,unseen,10,15,quantile,0.016696405220188948,-0.016696405220188948,0.0697346332686386
BCE,unseen,10,20,uniform,0.018052920058008588,-0.01669640522018894,0.26879491255833554
BCE,unseen,10,20,quantile,0.01669640522018894,-0.01669640522018894,0.08608256525075396
BCE,unseen,10,30,uniform,0.01806946317848868,-0.016696405220188944,0.3130736790205303
BCE,unseen,10,30,quantile,0.016696405220188937,-0.016696405220188937,0.11209057822175644
DICE,seen,10,10,uniform,0.036785675026029134,0.01440946097465335,0.4761016121898515
DICE,seen,10,10,quantile,0.02323189257253144,0.014409460974653347,0.1882035746336861
DICE,seen,10,15,uniform,0.03681722725864911,0.014409460974653352,0.5484109636185305
DICE,seen,10,15,quantile,0.034044995082227775,0.01440946097465334,0.3633971170585669
DICE,seen,10,20,uniform,0.03683517785868953,0.014409460974653352,0.5815764358069033
DICE,seen,10,20,quantile,0.032596052813332214,0.01440946097465335,0.47003387202506264
DICE,seen,10,30,uniform,0.03682063871459237,0.014409460974653352,0.592853307723999
DICE,seen,10,30,quantile,0.034044995082227775,0.01440946097465334,0.3633971170585669
DICE,unseen,10,10,uniform,0.03702470642595937,-0.006698682306269145,0.4641466446948581
DICE,unseen,10,10,quantile,0.006698682306269153,-0.006698682306269153,0.006698682306269153
DICE,unseen,10,15,uniform,0.037049450197328915,-0.006698682306269148,0.4734611229463057
DICE,unseen,10,15,quantile,0.021532587545577766,-0.006698682306269149,0.11125058267181631
DICE,unseen,10,20,uniform,0.03706852085524646,-0.006698682306269152,0.5668963025356162
DICE,unseen,10,20,quantile,0.02897911250057318,-0.006698682306269145,0.22279687884452487
DICE,unseen,10,30,uniform,0.037085814621432074,-0.00669868230626915,0.6081051882222401
DICE,unseen,10,30,quantile,0.03654521114979596,-0.006698682306269148,0.4476830168463837
wBCE,seen,10,10,uniform,0.15081912741218317,0.15081912741218317,0.8040698843836086
wBCE,seen,10,10,quantile,0.1508773970928476,0.1508191274121832,0.6848171573899583
wBCE,seen,10,15,uniform,0.15081912741218317,0.15081912741218317,0.8244201114096811
wBCE,seen,10,15,quantile,0.1508783783684348,0.1508191274121832,0.7940763875103862
wBCE,seen,10,20,uniform,0.1508191274121832,0.1508191274121832,0.825770102918032
wBCE,seen,10,20,quantile,0.1508952461556617,0.1508191274121832,0.8070178251098742
wBCE,seen,10,30,uniform,0.15081912741218323,0.15081912741218323,0.8269810408866834
wBCE,seen,10,30,quantile,0.15087846916168787,0.1508191274121832,0.8235434416212548
wBCE,unseen,10,10,uniform,0.11388990472333091,0.11268069915221854,0.743551723886463
wBCE,unseen,10,10,quantile,0.11956419453923003,0.11268069915221854,0.6579354876736088
wBCE,unseen,10,15,uniform,0.11663347318053474,0.11268069915221854,0.7670877324833782
wBCE,unseen,10,15,quantile,0.11985806175875904,0.11268069915221854,0.7088173399299829
wBCE,unseen,10,20,uniform,0.11791511406550098,0.11268069915221854,0.7729945292313849
wBCE,unseen,10,20,quantile,0.11977375083028967,0.11268069915221854,0.7519942541742844
wBCE,unseen,10,30,uniform,0.11908214590770465,0.11268069915221855,0.7780499991967676
wBCE,unseen,10,30,quantile,0.11985806175875902,0.11268069915221854,0.7636576345889383
BCE,seen,20,10,uniform,0.0013495957299617803,-0.0005630513549357713,0.04229259680707165
BCE,seen,20,10,quantile,0.0005630513549357742,-0.0005630513549357706,0.004591937615890551
BCE,seen,20,15,uniform,0.0013375762224301627,-0.0005630513549357716,0.05507787746415749
BCE,seen,20,15,quantile,0.0005630513549357766,-0.000563051354935773,0.004377921909417104
BCE,seen,20,20,uniform,0.0013524814064009168,-0.000563051354935771,0.06248312764717434
BCE,seen,20,20,quantile,0.0005630513549357746,-0.0005630513549357711,0.00850619399008435
BCE,seen,20,30,uniform,0.0013622437822988062,-0.0005630513549357717,0.0631646217832228
BCE,seen,20,30,quantile,0.0009010766901643999,-0.0005630513549357729,0.013826223845221974
BCE,unseen,20,10,uniform,0.00866314146067058,-0.00800523315259773,0.11448550031696966
BCE,unseen,20,10,quantile,0.008005233152597732,-0.008005233152597732,0.048389036246153816
BCE,unseen,20,15,uniform,0.008663141460670577,-0.00800523315259773,0.28859625066198946
BCE,unseen,20,15,quantile,0.008005233152597732,-0.008005233152597732,0.06093839714420998
BCE,unseen,20,20,uniform,0.008663141460670576,-0.008005233152597732,0.26879491255833554
BCE,unseen,20,20,quantile,0.008005233152597732,-0.008005233152597732,0.06910440472893542
BCE,unseen,20,30,uniform,0.008671164857173045,-0.008005233152597732,0.3130736790205303
BCE,unseen,20,30,quantile,0.00800523315259773,-0.00800523315259773,0.07050989876050762
DICE,seen,20,10,uniform,0.018375665749711396,0.007245133284245481,0.4789646576515771
DICE,seen,20,10,quantile,0.007245133284245489,0.007245133284245489,0.007245133284245489
DICE,seen,20,15,uniform,0.01839067383860106,0.007245133284245481,0.5532218495080636
DICE,seen,20,15,quantile,0.007245133284245489,0.007245133284245489,0.007245133284245489
DICE,seen,20,20,uniform,0.01839960378739789,0.0072451332842454795,0.5849501070223357
DICE,seen,20,20,quantile,0.011650940171483833,0.007245133284245481,0.18896073455729312
DICE,seen,20,30,uniform,0.018393059260118576,0.007245133284245481,0.592853307723999
DICE,seen,20,30,quantile,0.01698516012886405,0.00724513328424548,0.36345440119664296
DICE,unseen,20,10,uniform,0.01806727349936643,-0.0031359917471763974,0.4678912060144941
DICE,unseen,20,10,quantile,0.003135991747176395,-0.003135991747176395,0.003135991747176395
DICE,unseen,20,15,uniform,0.018079274203157657,-0.003135991747176399,0.4734611229463057
DICE,unseen,20,15,quantile,0.003135991747176395,-0.003135991747176395,0.003135991747176395
DICE,unseen,20,20,uniform,0.018088523452730577,-0.003135991747176394,0.5668963025356162
DICE,unseen,20,20,quantile,0.003135991747176395,-0.003135991747176395,0.003135991747176395
DICE,unseen,20,30,uniform,0.018096910911632003,-0.003135991747176399,0.6081051882222401
DICE,unseen,20,30,quantile,0.0103245315919383,-0.003135991747176397,0.10782751687318626
wBCE,seen,20,10,uniform,0.07833569336026863,0.07833569336026863,0.8049606886968912
wBCE,seen,20,10,quantile,0.07835019739050846,0.07833569336026862,0.657123455884249
wBCE,seen,20,15,uniform,0.07833569336026863,0.07833569336026863,0.8255526669582918
wBCE,seen,20,15,quantile,0.07835733917450768,0.0783356933602686,0.673162929059725
wBCE,seen,20,20,uniform,0.07833569336026862,0.07833569336026862,0.8269227437556493
wBCE,seen,20,20,quantile,0.07835893551065808,0.07833569336026862,0.6916394115840895
wBCE,seen,20,30,uniform,0.07833569336026862,0.07833569336026862,0.8282027802893187
wBCE,seen,20,30,quantile,0.07835752705841217,0.07833569336026862,0.7955848359824192
wBCE,unseen,20,10,uniform,0.06024100249417637,0.06024100249417637,0.7505629941595654
wBCE,unseen,20,10,quantile,0.06350089971050649,0.06024100249417636,0.5614389844323234
wBCE,unseen,20,15,uniform,0.06086472377837716,0.06024100249417637,0.7732031420236202
wBCE,unseen,20,15,quantile,0.06350089971050649,0.06024100249417636,0.6636308038033412
wBCE,unseen,20,20,uniform,0.061819618662279446,0.060241002494176354,0.7784761124017757
wBCE,unseen,20,20,quantile,0.06350089971050649,0.06024100249417637,0.6642656519518235
wBCE,unseen,20,30,uniform,0.06270153612906758,0.06024100249417636,0.783271128507082
wBCE,unseen,20,30,quantile,0.06350089971050649,0.06024100249417637,0.7153975759621072
