split,radius,n_bins,strategy,bce,dice,wbce,gap
seen,5,10,quantile,-0.0029018211621907805,0.027792939132176953,0.27587428525391766,0.2480813461217407
seen,5,10,uniform,-0.002901821162190778,0.02779293913217697,0.27587428525391766,0.24808134612174068
seen,5,15,quantile,-0.0029018211621907744,0.027792939132176953,0.2758742852539176,0.24808134612174065
seen,5,15,uniform,-0.0029018211621907775,0.027792939132176973,0.27587428525391766,0.24808134612174068
seen,5,20,quantile,-0.0029018211621907753,0.027792939132176956,0.2758742852539176,0.24808134612174065
seen,5,20,uniform,-0.0029018211621907757,0.027792939132176963,0.27587428525391766,0.2480813461217407
seen,5,30,quantile,-0.0029018211621907775,0.02779293913217696,0.2758742852539176,0.24808134612174065
seen,5,30,uniform,-0.0029018211621907783,0.02779293913217697,0.2758742852539176,0.24808134612174063
seen,10,10,quantile,-0.0012594450239893549,0.014409460974653347,0.1508191274121832,0.13640966643752986
seen,10,10,uniform,-0.00125944502398935,0.01440946097465335,0.15081912741218317,0.13640966643752983
seen,10,15,quantile,-0.0012594450239893505,0.01440946097465334,0.1508191274121832,0.13640966643752986
seen,10,15,uniform,-0.0012594450239893499,0.014409460974653352,0.15081912741218317,0.13640966643752983
seen,10,20,quantile,-0.0012594450239893473,0.01440946097465335,0.1508191274121832,0.13640966643752986
seen,10,20,uniform,-0.001259445023989349,0.014409460974653352,0.1508191274121832,0.13640966643752986
seen,10,30,quantile,-0.001259445023989348,0.01440946097465334,0.1508191274121832,0.13640966643752986
seen,10,30,uniform,-0.0012594450239893494,0.014409460974653352,0.15081912741218323,0.1364096664375299
seen,20,10,quantile,-0.0005630513549357706,0.007245133284245489,0.07833569336026862,0.07109056007602313
seen,20,10,uniform,-0.0005630513549357713,0.007245133284245481,0.07833569336026863,0.07109056007602316
seen,20,15,quantile,-0.000563051354935773,0.007245133284245489,0.0783356933602686,0.07109056007602312
seen,20,15,uniform,-0.0005630513549357716,0.007245133284245481,0.07833569336026863,0.07109056007602316
seen,20,20,quantile,-0.0005630513549357711,0.007245133284245481,0.07833569336026862,0.07109056007602314
seen,20,20,uniform,-0.000563051354935771,0.0072451332842454795,0.07833569336026862,0.07109056007602314
seen,20,30,quantile,-0.0005630513549357729,0.00724513328424548,0.07833569336026862,0.07109056007602314
seen,20,30,uniform,-0.0005630513549357717,0.007245133284245481,0.07833569336026862,0.07109056007602314
unseen,5,10,quantile,-0.033454289119912224,-0.013614509204409368,0.2042291470410062,0.21784365624541557
unseen,5,10,uniform,-0.033454289119912224,-0.013614509204409389,0.20422914704100614,0.21784365624541552
unseen,5,15,quantile,-0.03345428911991222,-0.013614509204409386,0.2042291470410062,0.21784365624541557
unseen,5,15,uniform,-0.033454289119912224,-0.013614509204409382,0.20422914704100617,0.21784365624541555
unseen,5,20,quantile,-0.03345428911991223,-0.013614509204409386,0.2042291470410062,0.21784365624541557
unseen,5,20,uniform,-0.033454289119912224,-0.013614509204409375,0.20422914704100617,0.21784365624541555
unseen,5,30,quantile,-0.03345428911991222,-0.013614509204409386,0.20422914704100617,0.21784365624541555
unseen,5,30,uniform,-0.03345428911991223,-0.013614509204409379,0.20422914704100617,0.21784365624541555
unseen,10,10,quantile,-0.016696405220188944,-0.006698682306269153,0.11268069915221854,0.1193793814584877
unseen,10,10,uniform,-0.016696405220188944,-0.006698682306269145,0.11268069915221854,0.11937938145848769
unseen,10,15,quantile,-0.016696405220188948,-0.006698682306269149,0.11268069915221854,0.11937938145848769
unseen,10,15,uniform,-0.016696405220188944,-0.006698682306269148,0.11268069915221854,0.11937938145848769
unseen,10,20,quantile,-0.01669640522018894,-0.006698682306269145,0.11268069915221854,0.11937938145848769
unseen,10,20,uniform,-0.01669640522018894,-0.006698682306269152,0.11268069915221854,0.11937938145848769
unseen,10,30,quantile,-0.016696405220188937,-0.006698682306269148,0.11268069915221854,0.11937938145848769
unseen,10,30,uniform,-0.016696405220188944,-0.00669868230626915,0.11268069915221855,0.1193793814584877
unseen,20,10,quantile,-0.008005233152597732,-0.003135991747176395,0.06024100249417636,0.06337699424135276
unseen,20,10,uniform,-0.00800523315259773,-0.0031359917471763974,0.06024100249417637,0.06337699424135276
unseen,20,15,quantile,-0.008005233152597732,-0.003135991747176395,0.06024100249417636,0.06337699424135276
unseen,20,15,uniform,-0.00800523315259773,-0.003135991747176399,0.06024100249417637,0.06337699424135276
unseen,20,20,quantile,-0.008005233152597732,-0.003135991747176395,0.06024100249417637,0.06337699424135276
unseen,20,20,uniform,-0.008005233152597732,-0.003135991747176394,0.060241002494176354,0.06337699424135275
unseen,20,30,quantile,-0.00800523315259773,-0.003135991747176397,0.06024100249417637,0.06337699424135276
unseen,20,30,uniform,-0.008005233152597732,-0.003135991747176399,0.06024100249417636,0.06337699424135276
