model,fom_at_05_seen,fom_at_05_unseen,fom_best_seen,fom_best_unseen,window_frac_seen,window_frac_unseen,sce_seen,sce_unseen,loss,config,guided,accuracy,ceiling,robustness,calibration,transfer,n_accuracy,rank_accuracy,n_ceiling,rank_ceiling,n_robustness,rank_robustness,n_calibration,rank_calibration,n_transfer,rank_transfer,composite,rank
trainable_guided_DICE,0.9478420853897236,0.9275605538510006,0.9517104279698636,0.9401936256070252,1.0,0.5510204081632653,0.018497651878076633,0.007298803871499,DICE,trainable_guided,True,0.9377013196203621,0.9459520267884445,0.7755102040816326,-0.012898227874787817,-0.011516802362838363,1.0,1,0.9909795293038884,2,1.0,1,0.9445792587935474,4,0.9686001270489015,3,0.9808317830292675,1
frozen_guided_DICE,0.9355035567455092,0.8840691287614605,0.9435022174986488,0.8997268175220798,0.8163265306122449,0.5102040816326531,0.009145832500451012,0.0023661583041719,DICE,frozen_guided,True,0.9097863427534849,0.9216145175103643,0.6632653061224489,-0.005755995402311456,-0.043775399976568985,0.9616541320750462,2,0.9409415327412793,5,0.8472222222222222,3,0.9850572343966381,2,0.8356059765994689,6,0.914096219606931,2
trainable_guided_BCE,0.8575315983026325,0.6831678229831432,0.9568580115941652,0.9438208053361916,0.3061224489795918,0.2857142857142857,0.0017772998782346443,0.004461467444688975,BCE,trainable_guided,True,0.7703497106428878,0.9503394084651784,0.29591836734693877,-0.0031193836614618097,-0.013037206257973555,0.7701147048954505,5,1.0,1,0.34722222222222227,5,1.0,1,0.9623318810825162,4,0.815933761640038,3
trainable_guided_wBCE,0.890158648091633,0.9009512194076574,0.9402760193479496,0.936375460731387,0.0816326530612244,0.2040816326530612,0.11228690194399046,0.08614010257024805,wBCE,trainable_guided,True,0.8955549337496452,0.9383257400396683,0.1428571428571428,-0.09921350225711925,-0.003900558616562577,0.9421049226076813,3,0.9752998594674838,4,0.13888888888888884,8,0.45539501785960756,10,1.0,1,0.7023377377647324,4
frozen_guided_BCE,0.500888161623973,0.3430614006087456,0.9457711611891266,0.936159262017532,0.1836734693877551,0.1224489795918367,0.001853870959383122,0.010074789179957506,BCE,frozen_guided,True,0.42197478111635933,0.9409652116033294,0.15306122448979592,-0.005964330069670314,-0.009611899171594662,0.29156374281887826,10,0.9807266214060413,3,0.15277777777777782,7,0.9838765159566927,3,0.9764535676925838,2,0.6770796451303948,5
trainable_unguided_DICE,0.6999110423209861,0.4728025088981322,0.7048171769974927,0.4802517313989979,1.0,0.5102040816326531,0.016268308945088246,0.016068644850949818,DICE,trainable_unguided,False,0.5863567756095591,0.5925344541982454,0.7551020408163265,-0.01616847689801903,-0.22456544559849478,0.517369778057118,6,0.2643518748313925,9,0.9722222222222222,2,0.9260454095120373,7,0.09025371996671247,9,0.5540486009178965,6
frozen_guided_wBCE,0.8066256040306452,0.7970090037175926,0.924156377970052,0.9073030749354242,0.0408163265306122,0.0408163265306122,0.17917262161032588,0.17996089235259657,wBCE,frozen_guided,True,0.801817303874119,0.9157297264527381,0.0408163265306122,-0.17956675698146124,-0.016853303034627842,0.8133406828253382,4,0.9288423835905327,6,0.0,11,0.0,12,0.946599066069258,5,0.5377564264970258,7
frozen_unguided_DICE,0.5698617172278597,0.3271116440459959,0.5871873753769329,0.3407303020210541,0.5102040816326531,0.5102040816326531,0.012804837067628133,0.02038062635742095,DICE,frozen_unguided,False,0.4484866806369278,0.46395883869899346,0.5102040816326531,-0.016592731712524542,-0.2464570733558788,0.3279822504287358,8,0.0,12,0.638888888888889,4,0.9236409825912915,8,0.0,12,0.37810242438178326,8
trainable_unguided_BCE,0.6772753855038302,0.2143199052187732,0.7337476519170503,0.5003122396709953,0.2448979591836734,0.1836734693877551,0.0013152982440926442,0.026767408225088864,BCE,trainable_unguided,False,0.4457976453613017,0.6170299457940227,0.21428571428571425,-0.014041353234590754,-0.23343541224605502,0.3242884128154562,9,0.31471468354217824,7,0.2361111111111111,6,0.9381006961587284,5,0.05368506025830146,10,0.3733799927771551,9
trainable_unguided_wBCE,0.5842281391475413,0.4787936194625024,0.6790948944591845,0.5394917070690348,0.0408163265306122,0.1224489795918367,0.1053317621365948,0.034493733574091634,wBCE,trainable_unguided,False,0.5315108793050218,0.6092933007641097,0.08163265306122446,-0.06991274785534321,-0.13960318739014965,0.4420298089090522,7,0.2988081167283925,8,0.055555555555555566,10,0.6214544714545166,9,0.4405319151314846,7,0.37167597355580034,10
frozen_unguided_BCE,0.5200992533964534,0.1005520690138381,0.667073461830689,0.4269228391777714,0.1428571428571428,0.0816326530612244,0.003927347751758044,0.025475981695017018,BCE,frozen_unguided,False,0.3103256612051457,0.5469981505042303,0.1122448979591836,-0.01470166472338753,-0.24015062265291764,0.1381950896235133,11,0.17072908945592924,10,0.09722222222222217,9,0.9343584387571446,6,0.025999922985943755,11,0.2733009526089506,11
frozen_unguided_wBCE,0.1968903424041397,0.2225548037627935,0.564447382043492,0.4039703763259941,0.0204081632653061,0.0612244897959183,0.20516148697105535,0.150119295500945,wBCE,frozen_unguided,False,0.2097225730834666,0.48420887918474304,0.0408163265306122,-0.17764039123600017,-0.1604770057174979,0.0,12,0.041634147711707044,11,0.0,11,0.010917508768846734,11,0.35447436953316475,8,0.0814052052027437,12
